AccountID,latest_txn,total_txns,total_amount,avg_amount,avg_days_gap,max_days_gap,login_attempts_avg,balance,days_since_last_txn,bank_inactive_flag
AC00001,2023-11-14 16:56:34,2,260.76,130.38,386.0,416,1.0,4180.4,48,1
AC00002,2023-12-21 17:00:50,7,2056.21,293.7442857142857,510.57142857142856,664,1.1428571428571428,1154.48,11,0
AC00003,2023-10-02 18:57:19,5,1266.3400000000001,253.26800000000003,576.8,672,1.0,9700.9,90,1
AC00004,2024-01-01 16:08:49,9,2180.08,242.2311111111111,424.77777777777777,553,1.0,8365.37,0,0
AC00005,2023-12-04 18:01:53,9,3131.77,347.97444444444443,489.77777777777777,621,1.0,7104.83,28,0
AC00006,2023-10-05 16:46:31,4,1017.72,254.43,498.0,615,1.0,1490.34,88,1
AC00007,2023-11-27 17:34:33,5,1495.3799999999999,299.07599999999996,420.0,511,1.0,14273.42,35,1
AC00008,2023-11-21 16:45:29,1,76.16,76.16,349.0,349,1.0,1072.25,41,1
AC00009,2023-12-25 17:19:08,5,984.08,196.816,545.8,629,1.0,131.25,7,0
AC00010,2023-11-30 16:52:42,7,2768.67,395.5242857142857,502.0,662,1.0,225.53,32,1
AC00011,2023-12-20 17:15:14,7,2438.26,348.3228571428572,471.85714285714283,600,1.5714285714285714,293.06,12,0
AC00012,2023-12-26 16:08:51,6,2067.78,344.63000000000005,473.8333333333333,594,1.0,1161.84,6,0
AC00013,2023-12-27 16:48:30,8,1631.28,203.91,433.875,623,1.0,416.37,5,0
AC00014,2024-01-01 16:17:13,9,3134.2799999999997,348.25333333333333,463.6666666666667,585,1.0,690.52,0,0
AC00015,2023-11-06 16:28:15,4,1148.74,287.185,533.75,609,1.0,1277.7,56,1
AC00016,2023-10-16 17:43:00,6,2271.9700000000003,378.6616666666667,537.5,619,1.0,2636.32,77,1
AC00017,2023-11-27 17:39:39,5,1133.45,226.69,525.6,644,1.0,6494.25,35,1
AC00018,2023-08-11 16:18:46,3,1658.6699999999998,552.89,530.6666666666666,623,2.3333333333333335,13054.54,143,1
AC00019,2023-07-10 18:16:08,4,948.19,237.0475,571.75,635,1.0,5595.22,175,1
AC00020,2023-11-13 16:46:06,9,3788.01,420.89000000000004,487.22222222222223,662,1.0,9817.05,49,1
AC00021,2023-12-08 16:36:30,8,4263.34,532.9175,476.0,651,1.0,6242.03,24,0
AC00022,2023-08-24 16:01:40,4,775.6800000000001,193.92000000000002,533.0,602,1.0,5571.39,130,1
AC00023,2023-09-18 16:04:06,6,1251.74,208.62333333333333,507.3333333333333,616,1.5,800.93,105,1
AC00024,2023-10-30 16:36:24,5,1426.94,285.38800000000003,478.2,581,1.0,5453.4,63,1
AC00025,2023-12-08 17:05:35,2,415.37,207.685,467.0,602,1.0,4639.04,24,0
AC00026,2023-10-30 17:24:55,6,952.11,158.685,528.6666666666666,665,1.0,1236.38,63,1
AC00027,2023-11-20 16:29:14,3,557.54,185.84666666666666,375.6666666666667,420,1.0,8586.38,42,1
AC00028,2023-09-25 17:11:19,3,2170.17,723.39,512.6666666666666,636,1.0,1588.31,98,1
AC00029,2023-12-04 18:30:00,6,1942.1200000000001,323.68666666666667,469.3333333333333,637,1.0,325.15,27,0
AC00030,2023-10-25 16:13:39,9,2969.7,329.96666666666664,479.77777777777777,595,1.2222222222222223,1887.84,68,1
AC00032,2023-12-19 16:39:57,9,3384.66,376.0733333333333,471.44444444444446,648,1.4444444444444444,7310.83,13,0
AC00033,2023-12-19 16:46:08,6,900.99,150.165,462.1666666666667,630,1.0,1445.47,13,0
AC00034,2023-10-23 17:17:18,4,1007.9000000000001,251.97500000000002,453.5,585,1.0,1305.56,70,1
AC00035,2023-12-07 16:11:01,9,2151.17,239.0188888888889,411.22222222222223,535,1.0,6126.5,25,0
AC00036,2023-07-19 17:03:58,5,1608.4,321.68,557.2,630,1.0,1789.8,166,1
AC00037,2023-12-25 16:25:43,2,253.25,126.625,316.5,318,1.0,9077.62,7,0
AC00038,2023-06-27 16:40:58,1,301.73,301.73,496.0,496,1.0,990.74,188,1
AC00039,2023-11-17 17:59:11,7,2120.76,302.96571428571434,447.0,671,1.7142857142857142,634.16,45,1
AC00040,2023-12-18 17:22:16,5,2925.57,585.114,491.6,669,1.0,9598.43,14,0
AC00041,2023-12-22 16:27:49,7,1149.68,164.24,477.7142857142857,641,1.0,5729.1,10,0
AC00042,2023-09-13 18:11:22,5,1054.04,210.808,556.8,656,1.0,1431.6,110,1
AC00043,2023-11-14 17:23:43,4,2014.75,503.6875,482.75,643,1.25,4539.99,48,1
AC00044,2023-10-19 18:11:23,1,487.32,487.32,382.0,382,1.0,7707.96,74,1
AC00045,2023-09-11 17:51:17,5,1845.12,369.024,538.0,669,1.0,2011.6,112,1
AC00046,2023-11-06 16:24:45,3,1069.95,356.65000000000003,477.6666666666667,671,1.0,5141.32,56,1
AC00047,2024-01-01 17:21:56,4,1612.2,403.05,468.75,647,1.0,13542.41,0,0
AC00048,2023-12-25 17:13:46,3,1602.27,534.09,427.6666666666667,515,1.0,6949.21,7,0
AC00049,2023-11-23 16:09:39,2,1113.77,556.885,352.0,357,1.0,3806.16,39,1
AC00050,2023-11-09 16:11:59,5,1019.56,203.91199999999998,509.6,635,1.0,7306.79,53,1
AC00051,2023-07-20 16:05:11,4,949.2,237.3,536.5,619,1.75,1081.79,165,1
AC00052,2023-10-09 16:50:41,3,424.46999999999997,141.48999999999998,464.3333333333333,595,1.0,14563.02,84,1
AC00053,2023-12-14 18:53:34,7,703.3100000000001,100.47285714285715,508.42857142857144,671,1.0,6794.17,17,0
AC00054,2023-11-29 17:38:53,9,1751.77,194.64111111111112,464.1111111111111,623,1.2222222222222223,409.26,33,1
AC00055,2023-11-10 16:10:34,5,941.1099999999999,188.22199999999998,434.4,655,1.0,1381.28,52,1
AC00056,2023-09-25 17:29:01,6,498.66,83.11,529.8333333333334,640,1.0,411.78,98,1
AC00057,2023-08-29 16:19:14,5,1127.62,225.52399999999997,573.2,664,1.2,811.86,125,1
AC00058,2023-12-28 16:46:46,7,1719.58,245.6542857142857,451.85714285714283,553,1.0,899.15,4,0
AC00059,2023-09-25 16:41:04,4,592.97,148.2425,466.0,595,1.0,7047.04,98,1
AC00060,2023-12-11 16:09:08,4,1552.72,388.18,408.25,480,1.5,7303.23,21,0
AC00061,2023-11-20 16:06:10,5,957.06,191.41199999999998,524.4,616,1.0,4008.05,42,1
AC00062,2023-08-14 17:43:17,3,689.82,229.94000000000003,467.3333333333333,486,1.0,232.56,140,1
AC00063,2023-11-20 16:27:31,10,3192.72,319.272,486.7,637,1.2,1429.61,42,1
AC00064,2023-09-20 17:44:37,4,1411.05,352.7625,497.0,593,1.0,9668.78,103,1
AC00065,2023-12-28 16:30:32,5,1100.17,220.03400000000002,421.8,560,1.0,7447.1,4,0
AC00066,2023-10-23 16:03:49,4,863.0699999999999,215.76749999999998,520.5,644,1.0,1100.64,70,1
AC00067,2023-11-14 16:23:09,7,3224.38,460.6257142857143,518.1428571428571,656,1.0,11729.51,48,1
AC00068,2023-11-22 16:13:39,4,2641.99,660.4975,422.75,501,1.0,2457.1,40,1
AC00069,2023-12-25 17:27:57,7,1617.58,231.08285714285714,449.57142857142856,563,1.0,10517.47,7,0
AC00070,2023-11-13 17:34:15,8,1891.8700000000001,236.48375000000001,504.25,585,1.375,3037.97,49,1
AC00071,2023-12-25 17:41:30,8,4050.12,506.265,502.25,672,2.0,514.88,7,0
AC00072,2023-12-22 17:08:55,4,1289.02,322.255,481.0,605,1.0,8520.08,10,0
AC00073,2023-12-05 16:32:49,5,1834.82,366.964,409.2,489,1.0,3506.11,27,0
AC00074,2023-09-13 16:41:19,3,397.1,132.36666666666667,509.0,559,1.0,8300.54,110,1
AC00075,2023-12-04 16:31:42,5,1091.8700000000001,218.37400000000002,461.6,635,1.0,1029.09,28,0
AC00076,2023-12-22 16:42:33,7,1660.0400000000002,237.14857142857144,541.8571428571429,668,1.0,5705.4,10,0
AC00077,2023-12-15 16:48:08,6,1756.3200000000002,292.72,498.0,580,1.1666666666666667,5424.6,17,0
AC00078,2023-11-30 17:48:36,6,2937.12,489.52,502.6666666666667,644,1.0,7541.16,32,1
AC00079,2023-08-25 16:30:02,5,515.02,103.00399999999999,539.4,661,1.0,7261.7,129,1
AC00080,2023-12-04 16:16:19,6,2238.37,373.06166666666667,482.1666666666667,658,1.0,1084.65,28,0
AC00081,2023-08-14 16:20:49,3,607.37,202.45666666666668,502.6666666666667,532,1.0,1381.75,140,1
AC00082,2023-09-28 16:14:49,3,722.08,240.69333333333336,489.0,626,1.0,6020.85,95,1
AC00083,2024-01-01 16:07:05,6,2753.38,458.8966666666667,428.1666666666667,628,1.5,528.38,0,0
AC00084,2023-10-23 18:41:35,2,502.03,251.015,516.5,655,1.0,2619.46,69,1
AC00085,2023-09-18 17:31:23,6,1695.71,282.61833333333334,507.0,630,1.0,1597.51,105,1
AC00086,2023-12-20 16:17:16,7,3190.07,455.7242857142857,503.7142857142857,637,1.2857142857142858,1149.74,12,0
AC00087,2023-12-29 17:55:30,9,1842.47,204.7188888888889,569.1111111111111,672,1.0,11204.62,3,0
AC00088,2023-02-28 17:34:08,2,513.54,256.77,619.0,623,1.0,1661.1,307,1
AC00089,2023-09-25 16:37:04,5,1201.26,240.252,482.2,581,1.8,1289.48,98,1
AC00090,2023-11-09 17:51:35,9,2579.9700000000003,286.66333333333336,478.8888888888889,672,1.0,4076.48,53,1
AC00091,2023-10-13 16:05:10,3,1077.01,359.00333333333333,492.3333333333333,595,1.0,7872.04,80,1
AC00092,2023-12-18 18:41:26,8,2317.6,289.7,467.375,629,1.0,3475.99,13,0
AC00093,2023-12-14 16:15:28,9,3165.4300000000003,351.7144444444445,477.44444444444446,657,1.3333333333333333,6223.26,18,0
AC00094,2023-08-08 17:07:42,4,224.01999999999998,56.004999999999995,492.0,525,1.0,9189.76,146,1
AC00095,2023-10-20 17:48:44,8,3181.87,397.73375,511.375,640,1.0,3382.91,73,1
AC00096,2023-06-01 16:18:49,3,882.3,294.09999999999997,532.0,542,1.0,651.84,214,1
AC00097,2023-12-19 16:57:40,3,261.72,87.24000000000001,428.0,616,1.0,11584.32,13,0
AC00098,2023-12-11 17:26:22,5,3212.57,642.514,439.6,669,1.0,10456.24,21,0
AC00099,2023-09-18 17:07:08,4,2510.98,627.745,428.25,441,1.0,5790.7,105,1
AC00100,2023-07-17 16:32:45,3,447.33000000000004,149.11,589.3333333333334,651,1.3333333333333333,8400.87,168,1
AC00101,2023-11-21 17:25:30,3,299.9,99.96666666666665,486.3333333333333,630,1.0,7927.27,41,1
AC00102,2023-10-16 16:51:25,5,826.62,165.324,521.6,637,1.0,4943.49,77,1
AC00103,2023-12-25 17:01:44,5,2145.0,429.0,399.2,441,1.0,5184.13,7,0
AC00104,2023-08-24 17:13:38,1,275.2,275.2,438.0,438,1.0,1230.12,130,1
AC00105,2023-08-25 18:24:06,3,381.82,127.27333333333333,484.6666666666667,572,1.0,6229.13,128,1
AC00106,2023-12-25 17:31:53,6,2064.18,344.03,467.3333333333333,593,1.0,1445.53,7,0
AC00107,2023-09-19 16:55:00,5,2980.3199999999997,596.064,515.0,650,1.0,9379.72,104,1
AC00108,2023-11-28 16:38:08,6,1920.36,320.06,431.5,577,1.5,868.91,34,1
AC00109,2023-03-10 16:40:00,2,418.91999999999996,209.45999999999998,610.5,616,1.0,7125.15,297,1
AC00110,2023-11-17 16:39:20,8,2507.77,313.47125,500.125,663,1.125,11565.97,45,1
AC00111,2023-12-11 18:43:00,7,3071.73,438.81857142857143,514.0,651,1.0,1619.16,20,0
AC00112,2023-04-18 17:17:37,1,554.15,554.15,566.0,566,1.0,14817.22,258,1
AC00113,2023-10-02 17:47:19,4,1340.72,335.18,561.25,670,1.0,11989.39,91,1
AC00114,2023-12-13 17:02:21,7,2221.26,317.3228571428572,459.0,622,1.0,12801.93,19,0
AC00115,2023-06-07 16:45:34,3,752.09,250.6966666666667,610.6666666666666,665,1.0,1299.4,208,1
AC00116,2023-11-27 17:29:25,6,1180.23,196.705,466.0,607,1.0,2498.48,35,1
AC00117,2023-04-12 16:03:37,1,55.32,55.32,572.0,572,1.0,241.79,264,1
AC00118,2023-04-14 16:00:51,4,1250.6,312.65,592.75,619,1.0,1776.91,262,1
AC00119,2023-12-04 16:10:04,6,1639.27,273.21166666666664,394.0,467,1.0,151.28,28,0
AC00120,2023-11-14 18:49:52,6,1744.58,290.7633333333333,505.3333333333333,634,1.1666666666666667,1024.42,47,1
AC00121,2023-03-01 17:52:14,2,294.73,147.365,639.5,665,1.0,5926.31,306,1
AC00122,2023-12-26 16:07:28,6,1556.39,259.39833333333337,521.3333333333334,640,1.0,7879.66,6,0
AC00123,2023-11-27 17:51:15,4,919.0600000000001,229.76500000000001,478.25,642,1.0,4536.38,35,1
AC00124,2023-12-29 18:07:04,4,1190.82,297.705,498.25,651,1.75,1804.5,3,0
AC00125,2023-12-11 16:52:47,6,1005.6899999999999,167.61499999999998,465.0,600,1.0,940.91,21,0
AC00126,2023-08-07 16:54:58,7,1519.86,217.12285714285713,543.7142857142857,672,1.0,9403.12,147,1
AC00127,2023-03-08 16:57:30,2,545.4499999999999,272.72499999999997,614.5,622,1.0,12703.24,299,1
AC00128,2023-11-13 17:28:12,7,3224.8900000000003,460.6985714285715,563.4285714285714,671,1.0,383.58,49,1
AC00129,2023-10-03 16:22:49,4,1095.42,273.855,468.0,518,1.0,3651.07,90,1
AC00130,2023-09-05 16:52:06,9,2862.83,318.09222222222223,539.8888888888889,644,1.1111111111111112,7447.44,118,1
AC00131,2023-11-07 17:44:12,9,2829.42,314.38,481.44444444444446,657,1.0,9749.46,55,1
AC00132,2023-12-29 16:30:53,4,385.93,96.4825,473.75,635,1.0,4298.13,3,0
AC00133,2023-11-23 16:15:59,7,1398.29,199.75571428571428,521.7142857142857,672,1.0,7807.73,39,1
AC00134,2023-08-25 16:45:20,1,49.59,49.59,437.0,437,1.0,6037.03,129,1
AC00135,2023-05-18 16:16:53,2,145.89,72.945,565.0,594,1.0,8497.34,228,1
AC00136,2023-11-20 16:31:36,8,3880.53,485.06625,509.875,671,1.0,526.67,42,1
AC00137,2023-12-12 16:17:27,3,377.17,125.72333333333334,493.3333333333333,665,1.0,9238.08,20,0
AC00138,2023-08-29 16:50:17,2,416.4,208.2,538.5,644,1.5,7892.87,125,1
AC00139,2023-12-18 16:06:14,8,1421.76,177.72,478.125,620,1.5,1504.64,14,0
AC00140,2023-11-13 16:58:19,7,1052.82,150.40285714285713,458.57142857142856,578,1.0,1788.27,49,1
AC00141,2023-10-17 16:58:59,5,1456.17,291.23400000000004,478.2,546,1.0,958.7,76,1
AC00142,2023-11-16 16:33:22,2,529.7,264.85,462.0,570,1.0,1107.28,46,1
AC00143,2023-08-18 17:02:15,5,1378.78,275.756,510.6,602,1.0,4437.48,136,1
AC00144,2023-12-04 17:53:57,8,1842.97,230.37125,492.75,650,1.25,7885.21,28,0
AC00145,2023-09-12 16:50:21,5,1402.7800000000002,280.55600000000004,535.4,672,1.6,9269.67,111,1
AC00146,2023-09-06 16:03:15,2,1171.78,585.89,435.0,445,1.0,11147.34,117,1
AC00147,2023-11-20 17:17:05,3,388.62,129.54,429.3333333333333,490,1.0,8271.47,42,1
AC00148,2023-08-21 16:07:13,5,2868.79,573.758,564.8,662,1.0,2366.3,133,1
AC00149,2023-11-09 18:45:10,6,2218.1,369.68333333333334,552.1666666666666,651,1.5,9938.2,52,1
AC00150,2023-07-04 16:25:35,7,2030.56,290.08,592.1428571428571,644,1.4285714285714286,12027.68,181,1
AC00151,2023-06-05 17:48:33,4,1156.83,289.2075,554.75,648,1.0,560.73,210,1
AC00152,2024-01-01 16:25:13,4,969.87,242.4675,517.5,600,1.0,7855.01,0,0
AC00153,2023-09-18 17:44:50,7,2451.89,350.27,513.2857142857143,647,1.2857142857142858,3293.06,105,1
AC00154,2023-11-30 17:53:48,5,869.43,173.886,504.8,665,1.0,1329.45,32,1
AC00155,2024-01-01 16:12:32,6,1757.2,292.8666666666667,497.1666666666667,651,1.0,667.66,0,0
AC00156,2023-12-18 16:47:17,5,2155.04,431.008,453.6,598,1.0,2189.38,14,0
AC00157,2023-12-04 17:25:18,5,1249.0900000000001,249.81800000000004,403.6,567,1.0,6142.54,28,0
AC00158,2023-12-22 17:31:59,7,2354.62,336.3742857142857,451.42857142857144,538,1.0,7516.56,10,0
AC00159,2023-08-10 16:39:44,5,1024.1399999999999,204.82799999999997,548.8,630,1.0,9522.37,144,1
AC00160,2023-10-03 16:15:25,2,1026.89,513.445,524.5,651,1.0,1292.1,90,1
AC00161,2023-12-11 16:06:51,4,1965.8999999999999,491.47499999999997,460.5,571,2.0,13891.47,21,0
AC00162,2023-11-13 16:16:24,2,89.75,44.875,507.5,658,1.0,3253.51,49,1
AC00163,2023-12-11 16:57:08,2,615.91,307.955,409.5,490,1.0,1658.49,21,0
AC00164,2023-07-12 16:54:53,6,3039.38,506.56333333333333,583.3333333333334,669,1.0,14352.33,173,1
AC00165,2023-11-14 16:09:22,6,1761.16,293.5266666666667,439.6666666666667,612,1.0,935.88,48,1
AC00166,2023-12-12 17:41:53,6,1407.46,234.57666666666668,425.3333333333333,626,1.0,2272.17,20,0
AC00167,2023-09-27 16:39:38,5,1581.57,316.31399999999996,496.8,655,1.0,7044.63,96,1
AC00168,2023-12-27 16:40:01,1,77.83,77.83,313.0,313,1.0,2471.53,5,0
AC00169,2023-08-14 16:46:26,2,175.69,87.845,496.0,544,4.0,4618.53,140,1
AC00170,2023-12-21 16:21:27,7,1731.2800000000002,247.32571428571433,508.0,672,1.5714285714285714,5771.4,11,0
AC00171,2023-12-21 17:56:04,5,889.9300000000001,177.98600000000002,406.8,637,1.0,761.78,11,0
AC00172,2023-10-30 16:18:48,5,2904.99,580.9979999999999,445.6,553,1.0,8037.87,63,1
AC00173,2023-11-03 16:31:22,4,1795.2,448.8,479.5,644,1.0,1008.76,59,1
AC00174,2023-10-16 16:29:39,4,700.68,175.17,462.0,585,2.0,1121.19,77,1
AC00175,2023-11-27 16:33:20,7,2136.54,305.21999999999997,468.14285714285717,637,1.0,4004.55,35,1
AC00176,2023-12-25 18:29:05,8,2357.68,294.71,471.375,658,1.0,165.75,6,0
AC00177,2023-12-05 18:33:02,9,2953.1,328.1222222222222,441.44444444444446,671,1.0,8274.77,26,0
AC00178,2023-10-19 17:34:53,5,879.11,175.822,433.2,567,1.6,1008.44,74,1
AC00179,2023-10-27 18:28:05,6,3819.73,636.6216666666667,479.3333333333333,634,1.0,9199.52,65,1
AC00180,2023-10-10 18:12:07,1,108.96,108.96,391.0,391,1.0,7597.66,83,1
AC00181,2023-12-04 18:27:11,5,1447.3,289.46,524.2,662,1.0,824.71,27,0
AC00182,2023-10-16 17:47:41,8,3553.6099999999997,444.20124999999996,524.625,644,1.125,6863.02,77,1
AC00183,2023-09-18 16:19:03,6,1635.97,272.6616666666667,517.5,620,1.0,129.79,105,1
AC00184,2023-10-31 17:06:47,4,1021.61,255.4025,429.5,525,1.0,8042.3,62,1
AC00185,2023-12-18 17:09:29,6,1454.4099999999999,242.40166666666664,486.5,662,1.0,3931.03,14,0
AC00186,2023-12-18 16:30:46,2,456.83000000000004,228.41500000000002,374.5,427,1.0,7950.74,14,0
AC00187,2023-10-02 17:44:05,5,953.1800000000001,190.63600000000002,549.2,630,1.8,3278.65,91,1
AC00188,2023-09-25 16:22:10,5,554.78,110.95599999999999,482.0,602,1.0,6295.45,98,1
AC00189,2023-10-09 18:28:04,5,1510.07,302.014,495.8,651,1.8,213.0,83,1
AC00190,2023-08-30 17:54:55,5,1104.1399999999999,220.82799999999997,566.0,665,1.0,7417.69,124,1
AC00191,2023-12-28 18:53:29,3,511.29999999999995,170.4333333333333,529.6666666666666,668,2.0,13265.92,3,0
AC00192,2023-09-07 16:28:19,4,2250.17,562.5425,535.25,623,1.0,12799.34,116,1
AC00193,2023-10-12 16:29:09,2,531.48,265.74,460.5,532,1.0,7334.08,81,1
AC00194,2023-09-08 16:28:54,5,944.42,188.884,566.0,644,1.4,4846.68,115,1
AC00195,2023-09-18 16:40:55,2,978.6600000000001,489.33000000000004,462.0,511,1.0,10135.88,105,1
AC00196,2023-12-20 18:58:27,6,2027.38,337.8966666666667,452.8333333333333,612,1.0,3473.24,11,0
AC00197,2023-11-06 16:31:43,4,602.33,150.5825,471.5,588,1.0,4331.54,56,1
AC00198,2023-06-23 17:38:26,2,1067.8200000000002,533.9100000000001,580.5,661,1.0,11748.86,192,1
AC00199,2023-02-15 16:36:48,1,7.08,7.08,628.0,628,1.0,13316.71,320,1
AC00200,2023-10-12 16:02:13,7,1547.47,221.06714285714287,524.2857142857143,651,1.7142857142857142,3139.75,81,1
AC00201,2023-11-27 17:04:28,5,1035.32,207.064,483.4,644,1.0,802.09,35,1
AC00202,2023-12-22 16:25:16,12,3722.12,310.1766666666667,447.6666666666667,613,1.0,3812.87,10,0
AC00203,2023-12-15 16:04:20,6,2741.2799999999997,456.87999999999994,464.6666666666667,627,1.0,6151.05,17,0
AC00204,2024-01-01 16:30:58,7,2658.75,379.82142857142856,413.2857142857143,525,1.0,1137.89,0,0
AC00205,2023-12-12 16:57:29,4,1658.0099999999998,414.50249999999994,452.0,586,1.0,1584.6,20,0
AC00206,2023-09-08 16:09:45,2,510.91,255.455,456.5,490,2.5,1256.33,115,1
AC00207,2023-12-28 16:51:20,2,258.82,129.41,352.0,392,1.0,5549.2,4,0
AC00208,2023-12-29 17:17:48,4,2470.8399999999997,617.7099999999999,388.75,468,1.0,3801.82,3,0
AC00209,2023-12-01 17:45:19,5,1377.83,275.566,433.8,630,1.0,8457.09,31,1
AC00210,2023-12-11 16:37:20,4,1043.15,260.7875,447.0,602,1.0,6486.18,21,0
AC00211,2023-08-30 18:38:56,4,1989.56,497.39,567.25,664,1.25,7551.89,123,1
AC00212,2023-12-25 16:11:46,3,936.99,312.33,361.6666666666667,403,1.0,11036.74,7,0
AC00213,2023-12-04 17:06:43,6,1576.72,262.7866666666667,517.1666666666666,626,1.0,6149.81,28,0
AC00214,2023-05-22 17:45:02,2,215.44,107.72,572.0,612,1.0,5882.12,224,1
AC00215,2023-12-25 17:41:33,5,961.87,192.374,495.2,637,1.0,3495.51,7,0
AC00216,2023-10-23 16:35:48,5,1347.03,269.406,506.4,630,1.8,4120.75,70,1
AC00217,2023-12-04 16:27:40,6,1395.58,232.59666666666666,462.0,637,1.0,3944.12,28,0
AC00218,2023-11-03 18:33:50,7,1823.24,260.46285714285716,520.8571428571429,669,1.2857142857142858,2284.41,58,1
AC00219,2023-12-27 17:18:17,10,1428.99,142.899,477.9,651,1.0,1204.11,5,0
AC00220,2023-11-06 16:34:10,6,2551.05,425.175,429.0,573,1.0,9129.68,56,1
AC00221,2023-06-05 16:24:12,1,170.24,170.24,518.0,518,1.0,5172.99,210,1
AC00222,2023-10-09 16:17:07,4,1645.99,411.4975,443.5,553,1.0,101.25,84,1
AC00223,2023-11-15 16:08:52,2,822.4,411.2,506.0,657,1.0,9239.12,47,1
AC00224,2023-11-16 17:14:01,2,480.7,240.35,379.5,405,2.0,123.24,46,1
AC00225,2023-11-13 16:11:52,11,2926.3,266.02727272727276,469.3636363636364,637,1.1818181818181819,1697.58,49,1
AC00227,2023-12-22 18:24:01,5,1642.8799999999999,328.57599999999996,500.6,665,1.8,14494.18,9,0
AC00228,2023-12-21 18:44:40,8,2509.8999999999996,313.73749999999995,473.875,654,1.75,4226.26,10,0
AC00229,2023-12-25 17:18:58,5,1103.31,220.66199999999998,482.2,657,1.0,9523.72,7,0
AC00230,2023-11-27 16:10:37,3,1356.75,452.25,400.6666666666667,475,1.0,12071.1,35,1
AC00231,2023-12-18 17:53:03,5,1587.27,317.454,471.2,621,1.0,9738.6,14,0
AC00232,2023-12-25 17:53:56,5,1310.56,262.11199999999997,428.6,595,1.0,11749.77,7,0
AC00233,2023-11-27 17:01:48,6,814.72,135.78666666666666,488.5,577,1.0,1290.95,35,1
AC00235,2023-11-30 16:31:03,7,1353.3000000000002,193.32857142857145,488.0,672,1.0,4860.01,32,1
AC00236,2023-12-05 17:57:39,6,2072.3999999999996,345.3999999999999,528.1666666666666,663,1.0,2411.02,27,0
AC00237,2023-10-24 17:09:41,5,1829.65,365.93,500.8,637,1.6,7764.16,69,1
AC00238,2023-11-06 17:20:40,1,335.68,335.68,364.0,364,1.0,1188.95,56,1
AC00239,2023-12-28 17:31:03,5,1036.1399999999999,207.22799999999998,479.0,615,1.2,6852.16,4,0
AC00240,2023-08-25 17:26:27,2,1501.3200000000002,750.6600000000001,514.0,591,1.0,1100.06,129,1
AC00241,2024-01-01 17:16:23,9,1742.71,193.63444444444445,509.1111111111111,658,1.2222222222222223,1642.34,0,0
AC00242,2023-11-20 16:29:48,9,1309.69,145.5211111111111,507.22222222222223,622,1.0,184.72,42,1
AC00243,2023-08-21 17:10:10,4,729.82,182.455,531.5,601,2.0,7132.08,133,1
AC00244,2023-10-12 17:10:20,5,1826.25,365.25,480.4,574,1.0,4644.19,81,1
AC00245,2023-12-15 16:16:30,6,1061.5,176.91666666666666,514.3333333333334,637,1.6666666666666667,12613.25,17,0
AC00246,2023-12-22 17:49:57,5,643.6400000000001,128.728,468.2,630,1.8,14631.88,10,0
AC00247,2024-01-01 17:37:04,7,1156.44,165.2057142857143,481.85714285714283,607,1.0,467.4,0,0
AC00248,2023-12-01 17:45:05,7,2180.5699999999997,311.50999999999993,425.85714285714283,573,1.0,852.2,31,1
AC00249,2023-12-18 18:34:33,5,602.1800000000001,120.436,428.2,619,1.0,5379.25,13,0
AC00250,2023-04-03 18:37:57,2,993.23,496.615,588.0,595,1.0,8873.43,272,1
AC00251,2023-12-25 17:05:00,4,2770.84,692.71,391.5,502,1.0,2342.64,7,0
AC00252,2023-12-25 17:12:21,2,1501.57,750.785,374.5,434,1.0,5946.45,7,0
AC00253,2023-11-29 17:43:51,6,3093.84,515.64,477.8333333333333,623,1.0,4957.57,33,1
AC00254,2023-11-23 16:59:11,6,1203.99,200.665,491.0,605,1.1666666666666667,587.12,39,1
AC00255,2023-11-06 16:32:58,3,1079.9,359.9666666666667,487.6666666666667,665,1.0,8434.99,56,1
AC00256,2023-12-19 17:19:47,3,1258.39,419.46333333333337,489.6666666666667,588,1.0,9975.79,13,0
AC00257,2023-12-06 17:10:35,11,3410.02,310.0018181818182,533.3636363636364,672,1.0,12104.51,26,0
AC00258,2023-11-28 16:09:34,7,1599.6,228.5142857142857,511.0,613,1.0,6937.48,34,1
AC00259,2023-10-23 16:27:20,3,612.27,204.09,529.3333333333334,664,1.0,8590.5,70,1
AC00260,2023-11-24 17:52:34,4,521.0,130.25,450.25,623,1.5,966.88,38,1
AC00261,2023-07-14 16:22:54,8,1161.03,145.12875,570.875,636,1.25,1435.72,171,1
AC00262,2023-10-30 16:49:25,5,2352.36,470.47200000000004,528.0,648,1.4,1006.12,63,1
AC00263,2023-12-29 16:45:06,5,1550.8400000000001,310.168,457.2,523,1.0,4704.91,3,0
AC00264,2023-11-20 16:39:15,6,2647.53,441.25500000000005,403.8333333333333,476,1.5,2018.9,42,1
AC00265,2023-12-04 16:14:07,9,3953.6,439.2888888888889,523.0,657,1.0,9578.74,28,0
AC00266,2023-12-01 16:33:43,4,614.13,153.5325,461.75,599,1.0,1938.99,31,1
AC00267,2023-12-06 17:34:01,10,2003.11,200.31099999999998,509.8,661,1.0,3896.08,26,0
AC00268,2023-09-22 16:13:06,4,1847.96,461.99,475.75,546,1.0,1189.03,101,1
AC00269,2023-11-24 16:30:21,3,459.61,153.20333333333335,429.3333333333333,509,1.0,4287.82,38,1
AC00270,2023-12-12 16:23:31,2,672.29,336.145,373.0,418,1.0,454.66,20,0
AC00271,2023-12-29 16:32:37,5,711.53,142.30599999999998,447.2,574,1.0,3736.38,3,0
AC00272,2023-12-18 16:33:07,8,2341.84,292.73,477.625,658,1.75,3872.55,14,0
AC00273,2023-12-04 16:27:11,4,2390.7,597.675,478.75,657,1.0,11481.85,28,0
AC00274,2023-11-08 17:24:54,5,1330.3600000000001,266.072,441.2,509,1.0,4159.52,54,1
AC00275,2023-11-06 17:23:43,9,1959.8000000000002,217.7555555555556,460.3333333333333,648,1.0,6735.74,56,1
AC00276,2023-09-04 17:46:40,5,1471.1399999999999,294.22799999999995,534.4,608,1.0,4500.26,119,1
AC00277,2023-09-12 18:46:45,3,1325.31,441.77,540.3333333333334,630,1.0,749.34,110,1
AC00278,2023-12-25 17:31:16,3,838.03,279.3433333333333,389.0,455,1.0,1451.02,7,0
AC00279,2023-09-01 18:05:37,9,2123.0,235.88888888888889,563.7777777777778,654,1.3333333333333333,8579.69,122,1
AC00280,2023-12-06 17:27:14,5,1738.31,347.662,434.6,584,1.0,1523.04,26,0
AC00281,2023-11-09 16:06:17,4,1152.11,288.0275,495.25,672,1.0,3900.34,53,1
AC00282,2023-12-13 16:01:38,6,1785.78,297.63,474.8333333333333,664,1.3333333333333333,10631.43,19,0
AC00283,2023-12-25 17:42:00,1,77.9,77.9,315.0,315,1.0,664.72,7,0
AC00284,2023-11-15 18:04:22,8,3533.35,441.66875,482.0,656,1.0,6860.18,47,1
AC00285,2023-11-03 16:50:20,7,2836.57,405.2242857142857,470.2857142857143,644,1.0,6747.16,59,1
AC00286,2023-10-10 17:24:33,6,544.04,90.67333333333333,484.6666666666667,567,1.0,9603.73,83,1
AC00287,2023-10-18 18:26:25,2,641.77,320.885,387.5,392,1.0,1997.33,74,1
AC00288,2023-10-26 17:51:32,3,1188.25,396.0833333333333,481.0,637,1.0,2287.93,67,1
AC00289,2023-08-10 16:23:08,3,1039.22,346.4066666666667,518.0,605,1.0,8422.06,144,1
AC00290,2023-12-14 16:09:42,4,1890.8600000000001,472.71500000000003,442.0,630,1.0,7272.01,18,0
AC00291,2023-09-20 17:57:15,7,2828.13,404.0185714285714,504.57142857142856,649,1.0,7567.17,103,1
AC00292,2023-12-25 18:16:39,7,1954.23,279.17571428571426,456.7142857142857,633,1.0,14021.4,7,0
AC00293,2023-12-13 17:25:54,4,311.78,77.945,498.25,602,1.0,3753.24,19,0
AC00294,2023-09-19 17:23:14,4,1265.9299999999998,316.48249999999996,500.0,644,1.0,6601.44,104,1
AC00295,2023-11-29 18:03:46,6,1499.41,249.90166666666667,427.0,539,1.1666666666666667,333.19,33,1
AC00296,2023-12-08 16:45:12,4,1556.3899999999999,389.09749999999997,397.25,481,1.0,1123.89,24,0
AC00297,2023-08-21 18:36:41,10,2733.73,273.373,542.8,662,1.0,12690.79,132,1
AC00298,2023-11-24 17:35:47,7,920.37,131.48142857142858,478.0,626,1.0,1696.15,38,1
AC00299,2023-10-23 18:54:48,4,482.93,120.7325,465.25,616,1.0,6115.63,69,1
AC00300,2023-11-24 17:29:06,5,856.51,171.302,465.0,557,1.0,586.76,38,1
AC00301,2023-12-19 17:11:31,6,2381.6,396.93333333333334,481.5,665,1.0,1702.65,13,0
AC00302,2023-12-07 17:13:16,4,1906.67,476.6675,456.0,544,1.0,9297.5,25,0
AC00303,2023-11-28 16:17:46,6,2989.45,498.2416666666666,390.3333333333333,454,1.0,9018.33,34,1
AC00304,2023-12-20 17:13:50,11,3651.8,331.9818181818182,549.2727272727273,672,1.0909090909090908,8795.37,12,0
AC00305,2023-11-01 17:44:46,6,1382.87,230.47833333333332,462.6666666666667,637,1.5,4148.85,61,1
AC00306,2023-12-08 17:24:44,6,1319.18,219.86333333333334,513.8333333333334,640,1.0,4710.04,24,0
AC00307,2023-11-10 16:06:27,3,613.78,204.59333333333333,417.0,528,1.0,1814.48,52,1
AC00308,2023-11-08 17:53:52,2,484.46000000000004,242.23000000000002,485.5,609,1.0,5619.91,54,1
AC00309,2023-07-27 16:28:26,1,52.04,52.04,466.0,466,1.0,8436.12,158,1
AC00310,2023-10-30 17:17:51,7,3079.8399999999997,439.97714285714284,517.1428571428571,657,1.4285714285714286,1358.37,63,1
AC00311,2023-10-12 18:11:27,6,1747.69,291.2816666666667,514.3333333333334,622,1.0,6474.34,81,1
AC00312,2023-08-14 16:09:21,4,1958.92,489.73,527.5,657,1.0,941.49,140,1
AC00313,2023-10-12 16:57:36,3,743.6999999999999,247.89999999999998,403.6666666666667,411,1.0,13645.63,81,1
AC00314,2023-12-19 16:55:17,4,943.04,235.76,556.0,669,1.0,6237.68,13,0
AC00315,2023-09-20 16:30:06,5,1008.0600000000001,201.61200000000002,489.4,637,1.2,9138.76,103,1
AC00316,2023-11-30 16:51:46,6,3437.56,572.9266666666666,458.3333333333333,672,1.5,321.21,32,1
AC00317,2023-10-30 16:52:49,7,3032.5499999999997,433.22142857142853,509.7142857142857,672,1.2857142857142858,9040.33,63,1
AC00318,2023-12-11 17:19:07,5,2014.68,402.93600000000004,467.6,601,1.8,570.1,21,0
AC00319,2023-12-07 18:28:50,5,1668.43,333.68600000000004,471.8,559,1.0,1338.95,24,0
AC00320,2023-07-11 16:39:53,5,1678.2600000000002,335.65200000000004,573.0,662,1.0,9038.63,174,1
AC00321,2023-04-04 16:12:25,2,458.71999999999997,229.35999999999999,612.0,644,1.0,9955.88,272,1
AC00322,2023-12-15 16:38:43,9,3066.67,340.74111111111114,459.8888888888889,605,1.0,254.75,17,0
AC00323,2023-12-18 16:33:01,4,1280.0,320.0,420.0,518,1.0,1644.09,14,0
AC00324,2023-09-13 16:14:04,5,1033.69,206.738,519.8,634,1.0,8670.23,110,1
AC00325,2023-12-04 16:08:59,5,1658.28,331.656,501.4,630,1.4,6911.2,28,0
AC00326,2023-12-14 18:52:54,5,1191.04,238.208,424.4,535,1.8,678.83,17,0
AC00327,2023-12-18 17:10:48,6,2757.33,459.555,495.0,616,1.0,1052.27,14,0
AC00328,2023-09-01 16:07:38,5,753.73,150.746,559.0,668,1.0,2304.56,122,1
AC00329,2023-11-27 18:28:57,9,1984.6200000000001,220.51333333333335,490.77777777777777,630,1.0,193.06,34,1
AC00330,2023-06-08 17:08:06,4,866.6700000000001,216.66750000000002,556.25,643,1.0,1545.64,207,1
AC00331,2023-10-31 16:05:00,7,2331.31,333.0442857142857,452.85714285714283,633,1.4285714285714286,1569.75,62,1
AC00332,2023-12-18 16:32:56,8,2359.61,294.95125,485.25,658,1.125,5491.55,14,0
AC00333,2023-10-19 18:06:08,3,536.54,178.84666666666666,446.6666666666667,493,2.3333333333333335,5684.09,74,1
AC00334,2023-12-26 18:13:56,3,849.01,283.00333333333333,506.0,665,1.0,5803.89,6,0
AC00335,2023-03-20 16:02:51,2,343.19,171.595,605.5,616,1.0,5365.2,287,1
AC00336,2023-09-25 16:58:25,4,2126.4700000000003,531.6175000000001,539.75,633,1.5,1385.74,98,1
AC00337,2023-10-30 18:58:42,8,4393.41,549.17625,478.875,578,1.0,6087.24,62,1
AC00338,2023-11-27 16:57:08,7,2905.38,415.05428571428575,491.57142857142856,630,1.0,2150.38,35,1
AC00339,2023-11-20 18:53:47,9,2508.6800000000003,278.74222222222227,491.8888888888889,657,1.0,1893.0,41,1
AC00340,2023-11-27 16:38:34,3,769.73,256.57666666666665,446.0,502,2.0,11826.52,35,1
AC00341,2023-11-30 16:07:36,5,504.45,100.89,514.6,644,1.0,10658.88,32,1
AC00342,2023-07-13 16:44:25,3,629.39,209.79666666666665,530.6666666666666,588,1.0,844.55,172,1
AC00344,2023-11-15 17:32:11,4,2291.6800000000003,572.9200000000001,522.75,588,1.0,6987.4,47,1
AC00345,2023-12-18 18:25:05,9,2827.25,314.1388888888889,471.6666666666667,651,1.0,5019.68,13,0
AC00346,2023-03-13 16:26:30,1,180.46,180.46,602.0,602,1.0,831.75,294,1
AC00347,2023-12-25 16:25:42,3,784.52,261.50666666666666,352.3333333333333,385,1.0,796.63,7,0
AC00348,2023-11-02 16:15:50,4,1444.96,361.24,469.75,566,1.0,2028.92,60,1
AC00349,2023-11-15 17:23:40,6,1038.09,173.015,459.3333333333333,642,1.0,4186.25,47,1
AC00350,2023-07-20 16:58:05,2,1815.84,907.92,544.5,616,1.0,969.06,165,1
AC00351,2023-02-15 16:17:59,2,295.41,147.705,642.0,656,1.0,1562.39,320,1
AC00352,2023-10-13 16:22:08,4,779.3,194.825,536.5,665,1.0,782.35,80,1
AC00353,2023-09-21 18:13:38,5,383.75,76.75,471.6,581,1.8,8356.08,102,1
AC00354,2023-08-23 16:35:42,5,2087.7200000000003,417.54400000000004,544.2,665,1.6,2421.94,131,1
AC00355,2023-10-10 16:49:03,3,916.01,305.33666666666664,547.3333333333334,649,1.0,6313.22,83,1
AC00356,2023-09-07 17:44:26,8,2583.27,322.90875,546.125,657,1.0,5008.59,116,1
AC00357,2023-11-13 17:47:07,6,1840.35,306.72499999999997,525.8333333333334,650,1.0,102.2,49,1
AC00358,2023-11-17 16:02:02,8,3600.43,450.05375,468.125,669,2.0,8494.53,45,1
AC00359,2023-12-14 18:32:14,6,2079.23,346.53833333333336,484.0,602,1.0,11796.66,17,0
AC00360,2023-08-29 16:24:23,6,1934.23,322.37166666666667,502.1666666666667,602,1.0,7061.73,125,1
AC00361,2023-11-27 16:16:19,2,240.95,120.475,435.5,528,1.0,961.65,35,1
AC00362,2023-12-08 16:51:28,12,2991.32,249.27666666666667,476.6666666666667,658,1.0,4480.43,24,0
AC00363,2023-12-20 16:17:11,12,4702.91,391.90916666666664,475.6666666666667,643,1.0,3254.56,12,0
AC00364,2023-10-16 16:06:05,1,143.54,143.54,385.0,385,1.0,6067.62,77,1
AC00365,2023-10-27 16:42:49,5,989.87,197.974,501.0,623,1.0,1382.51,66,1
AC00366,2023-08-31 16:16:15,8,3043.79,380.47375,490.125,549,1.0,1658.52,123,1
AC00367,2023-10-11 18:04:39,7,1635.3000000000002,233.61428571428573,481.57142857142856,609,1.0,8704.27,82,1
AC00368,2023-07-18 16:38:11,4,1144.0,286.0,559.75,668,1.0,5463.94,167,1
AC00369,2023-12-07 17:33:16,6,2280.04,380.00666666666666,467.0,621,1.0,5695.78,25,0
AC00370,2024-01-01 18:21:50,7,2410.87,344.40999999999997,478.7142857142857,637,1.0,2958.43,0,0
AC00371,2023-02-17 16:08:54,2,328.65,164.325,629.5,633,1.0,6485.78,318,1
AC00372,2023-10-16 16:30:38,3,2041.83,680.61,528.3333333333334,616,1.0,13869.86,77,1
AC00373,2023-12-21 16:37:03,9,2001.19,222.35444444444445,507.8888888888889,672,1.0,765.15,11,0
AC00374,2023-12-15 17:01:58,6,1337.45,222.90833333333333,466.8333333333333,602,1.0,1879.82,17,0
AC00375,2023-12-18 18:26:07,3,979.26,326.42,413.6666666666667,514,1.0,13777.1,13,0
AC00376,2023-05-02 16:14:22,3,625.4300000000001,208.4766666666667,586.0,620,1.0,677.79,244,1
AC00377,2023-06-22 16:38:46,4,1188.67,297.1675,567.25,647,1.0,5265.88,193,1
AC00378,2023-11-16 17:26:37,6,1977.91,329.6516666666667,390.5,455,1.0,7009.54,46,1
AC00379,2023-10-04 16:01:18,2,741.48,370.74,464.5,532,1.0,441.54,89,1
AC00380,2023-12-25 16:56:06,6,1176.67,196.11166666666668,470.1666666666667,644,1.0,951.33,7,0
AC00381,2023-10-02 16:03:09,3,890.7,296.90000000000003,436.3333333333333,504,1.0,9968.49,91,1
AC00382,2023-09-04 16:48:13,6,2327.19,387.865,521.8333333333334,650,1.0,1734.22,119,1
AC00383,2023-11-24 18:51:32,4,555.0200000000001,138.75500000000002,415.75,579,1.0,731.52,37,1
AC00384,2023-12-04 18:11:56,7,2562.23,366.03285714285715,466.42857142857144,630,1.0,707.95,28,0
AC00385,2023-12-11 16:23:59,7,4141.2,591.6,450.7142857142857,584,1.0,1793.09,21,0
AC00386,2023-12-12 17:20:46,8,1743.57,217.94625,468.75,634,1.0,7794.84,20,0
AC00387,2023-09-28 18:53:02,3,715.35,238.45000000000002,499.3333333333333,612,1.3333333333333333,7375.59,94,1
AC00388,2023-09-04 17:22:24,2,1279.61,639.805,478.5,530,1.0,1941.8,119,1
AC00389,2023-10-04 17:06:57,3,936.36,312.12,449.6666666666667,532,1.0,5237.12,89,1
AC00390,2023-11-06 16:42:34,7,1127.57,161.08142857142857,517.7142857142857,650,1.0,9538.92,56,1
AC00391,2023-11-09 16:47:01,3,467.81,155.93666666666667,376.0,385,1.0,2523.83,53,1
AC00392,2023-10-16 16:11:52,3,864.3399999999999,288.1133333333333,458.0,516,1.0,2810.37,77,1
AC00393,2023-10-31 16:46:18,8,1673.6499999999999,209.20624999999998,508.25,640,1.375,1081.97,62,1
AC00394,2023-11-23 17:42:11,7,1680.77,240.10999999999999,545.2857142857143,657,1.0,4159.33,39,1
AC00395,2023-11-13 16:42:28,3,952.25,317.4166666666667,454.6666666666667,524,1.0,2406.31,49,1
AC00396,2023-11-02 16:05:49,8,3286.7,410.8375,500.875,664,1.125,664.93,60,1
AC00397,2023-09-25 16:54:22,7,1853.92,264.8457142857143,566.0,654,1.0,3733.52,98,1
AC00398,2023-11-27 18:26:02,7,2860.1800000000003,408.5971428571429,435.0,545,1.0,11011.86,34,1
AC00399,2023-10-24 17:28:18,5,1205.73,241.14600000000002,518.6,670,1.0,10235.19,69,1
AC00400,2023-12-13 16:41:13,5,814.56,162.91199999999998,451.8,619,1.0,1400.04,19,0
AC00401,2023-11-13 16:30:21,6,1661.53,276.9216666666667,418.0,544,1.0,4102.23,49,1
AC00402,2023-10-26 16:52:14,4,1314.84,328.71,451.25,488,1.0,8361.7,67,1
AC00403,2023-12-25 16:30:45,8,980.5699999999999,122.57124999999999,457.625,595,1.0,2610.64,7,0
AC00404,2023-11-21 16:58:44,4,349.65,87.4125,465.0,581,1.0,1046.66,41,1
AC00405,2023-11-22 16:07:19,6,2566.05,427.675,525.3333333333334,663,1.0,9801.48,40,1
AC00406,2023-06-19 18:22:10,1,183.71,183.71,504.0,504,1.0,552.52,195,1
AC00407,2023-12-29 16:38:21,7,2718.1,388.3,534.1428571428571,672,1.0,6944.9,3,0
AC00408,2023-06-15 16:41:00,2,556.38,278.19,537.5,567,1.0,4150.63,200,1
AC00409,2023-12-28 16:34:52,5,1314.6999999999998,262.93999999999994,414.0,559,1.4,2940.04,4,0
AC00410,2023-11-23 18:00:00,5,1578.01,315.602,507.4,622,1.8,3267.84,39,1
AC00411,2023-12-28 16:27:12,6,1684.78,280.7966666666667,452.3333333333333,543,1.0,12221.17,4,0
AC00412,2023-10-30 17:48:09,4,1143.54,285.885,495.0,602,1.0,136.77,63,1
AC00413,2023-12-29 17:37:37,4,1441.11,360.2775,436.0,647,1.25,5670.82,3,0
AC00414,2023-11-29 17:55:07,3,942.23,314.07666666666665,416.6666666666667,567,1.0,1593.03,33,1
AC00415,2023-11-06 17:22:58,3,108.16999999999999,36.056666666666665,531.3333333333334,663,1.3333333333333333,12072.11,56,1
AC00416,2023-10-31 16:11:57,5,2543.88,508.776,517.0,672,1.0,2861.65,62,1
AC00417,2023-10-18 17:47:52,5,771.68,154.33599999999998,553.8,668,1.8,3290.72,75,1
AC00418,2023-10-16 18:53:31,6,1718.02,286.33666666666664,438.6666666666667,504,2.1666666666666665,1889.78,76,1
AC00419,2023-08-11 18:42:10,3,841.8199999999999,280.6066666666666,550.3333333333334,614,1.0,8994.67,142,1
AC00420,2023-12-25 16:28:20,4,1791.58,447.895,414.25,546,1.0,9427.06,7,0
AC00421,2023-11-20 16:29:28,3,664.12,221.37333333333333,426.0,466,1.0,1328.73,42,1
AC00422,2023-07-10 18:34:22,4,572.95,143.2375,559.0,623,1.0,327.68,174,1
AC00423,2023-11-27 18:32:49,6,3038.14,506.3566666666666,497.0,637,1.0,2760.37,34,1
AC00424,2023-07-13 17:48:24,5,1212.02,242.404,541.0,619,1.0,8356.88,172,1
AC00425,2023-11-07 16:48:23,7,2487.14,355.30571428571426,488.85714285714283,613,1.0,1910.9,55,1
AC00426,2023-10-23 17:25:04,6,1494.1599999999999,249.02666666666664,501.8333333333333,641,1.6666666666666667,983.68,70,1
AC00427,2023-11-29 18:10:30,9,2397.55,266.39444444444445,423.8888888888889,665,1.0,5414.97,33,1
AC00428,2023-11-08 18:24:56,3,1727.94,575.98,545.6666666666666,655,1.0,1393.14,53,1
AC00429,2023-10-23 16:03:09,3,279.33,93.11,473.6666666666667,581,1.0,7574.45,70,1
AC00430,2023-12-25 16:58:19,7,1473.01,210.43,482.57142857142856,630,1.2857142857142858,1550.48,7,0
AC00431,2023-06-28 16:05:19,7,2750.4500000000003,392.92142857142863,569.8571428571429,665,1.0,14466.38,187,1
AC00432,2023-11-27 16:18:25,7,1673.96,239.13714285714286,509.57142857142856,656,1.2857142857142858,2052.84,35,1
AC00433,2023-07-12 16:17:27,3,1697.3,565.7666666666667,559.3333333333334,658,1.0,2290.1,173,1
AC00434,2023-11-21 17:05:17,7,1799.1,257.0142857142857,504.7142857142857,633,1.0,1229.32,41,1
AC00435,2023-08-07 17:29:48,2,429.59000000000003,214.79500000000002,556.5,658,1.0,7659.5,147,1
AC00436,2023-12-25 16:30:09,5,1034.87,206.974,377.2,434,1.0,5209.16,7,0
AC00437,2023-12-05 16:19:23,4,922.17,230.5425,484.5,665,1.0,5631.2,27,0
AC00438,2023-12-25 18:03:33,8,1325.53,165.69125,432.25,501,1.375,5397.68,7,0
AC00439,2023-11-20 17:11:02,9,4185.8099999999995,465.0899999999999,448.55555555555554,581,1.2222222222222223,10513.52,42,1
AC00440,2023-01-03 16:46:36,1,201.69,201.69,671.0,671,1.0,7328.52,363,1
AC00441,2023-12-04 16:25:27,6,1907.69,317.9483333333333,500.3333333333333,588,1.6666666666666667,693.4,28,0
AC00442,2023-12-11 16:47:05,9,1679.32,186.5911111111111,422.6666666666667,564,1.1111111111111112,9562.41,21,0
AC00443,2023-12-20 18:12:25,4,2585.12,646.28,463.0,658,1.0,6258.63,12,0
AC00444,2023-12-27 18:55:13,4,496.37,124.0925,423.75,606,1.0,290.59,4,0
AC00445,2023-12-08 16:47:48,5,1787.5,357.5,431.0,615,1.0,229.02,24,0
AC00446,2023-12-19 16:11:38,5,1036.44,207.288,489.4,651,1.0,1059.62,13,0
AC00447,2023-10-20 16:02:07,4,633.1,158.275,486.5,588,1.0,5526.97,73,1
AC00448,2023-11-28 16:45:08,7,1177.86,168.26571428571427,515.5714285714286,605,1.0,3679.64,34,1
AC00449,2023-06-23 16:10:12,5,796.4799999999999,159.296,554.2,609,1.0,580.66,192,1
AC00450,2023-10-09 18:20:39,3,920.89,306.9633333333333,492.3333333333333,630,1.0,899.52,84,1
AC00451,2023-10-09 17:48:55,5,1536.38,307.276,448.4,503,1.0,4298.34,84,1
AC00452,2023-10-25 17:37:30,7,1371.72,195.96,502.7142857142857,671,1.0,6683.31,68,1
AC00453,2023-09-21 16:52:18,9,2370.7000000000003,263.41111111111115,561.3333333333334,630,1.2222222222222223,8639.36,102,1
AC00454,2023-12-20 16:08:02,4,1976.73,494.1825,397.75,509,2.0,1436.32,12,0
AC00455,2023-11-28 18:04:26,7,2132.36,304.6228571428572,482.0,658,1.0,8726.92,34,1
AC00456,2023-12-05 16:01:44,11,3090.6000000000004,280.9636363636364,529.9090909090909,672,1.4545454545454546,624.09,27,0
AC00457,2023-09-05 17:02:23,3,784.78,261.5933333333333,478.3333333333333,550,1.0,10501.53,118,1
AC00458,2023-12-11 16:03:50,7,1544.96,220.70857142857145,490.7142857142857,672,1.0,6768.14,21,0
AC00459,2023-12-26 17:40:23,7,1513.57,216.2242857142857,502.57142857142856,637,1.0,12709.58,6,0
AC00460,2024-01-01 16:45:56,12,5570.34,464.195,504.1666666666667,671,1.1666666666666667,4672.8,0,0
AC00461,2023-12-08 16:16:02,3,503.19999999999993,167.73333333333332,519.3333333333334,634,1.0,1532.72,24,0
AC00462,2023-11-27 16:27:56,6,494.2,82.36666666666666,481.1666666666667,623,1.0,9381.64,35,1
AC00463,2023-12-06 16:10:00,4,479.56,119.89,481.75,616,1.0,14798.1,26,0
AC00464,2023-12-29 18:29:23,8,2702.17,337.77125,426.875,619,1.0,6640.51,2,0
AC00465,2023-10-18 18:17:05,8,1502.65,187.83125,499.25,595,1.75,319.18,75,1
AC00466,2023-11-06 16:35:59,4,2635.9700000000003,658.9925000000001,465.5,556,1.0,11146.74,56,1
AC00467,2023-12-18 16:25:18,3,1202.19,400.73,452.6666666666667,529,1.0,11726.47,14,0
AC00468,2023-09-18 16:31:03,4,445.52000000000004,111.38000000000001,534.0,663,2.0,6034.73,105,1
AC00469,2023-04-06 17:24:16,1,65.57,65.57,578.0,578,1.0,7513.79,270,1
AC00470,2023-05-26 17:32:29,4,1705.08,426.27,582.5,644,1.25,985.77,220,1
AC00471,2023-12-25 17:46:24,6,1769.45,294.90833333333336,519.5,670,1.0,12031.14,7,0
AC00472,2023-01-05 17:48:29,1,588.37,588.37,669.0,669,1.0,1926.08,361,1
AC00473,2023-06-15 18:45:38,1,57.16,57.16,508.0,508,1.0,222.22,199,1
AC00474,2023-05-01 16:23:40,3,1126.97,375.6566666666667,583.3333333333334,602,1.0,4466.1,245,1
AC00475,2023-12-14 17:31:18,8,967.23,120.90375,457.125,521,1.0,1478.41,18,0
AC00476,2023-12-20 16:17:24,1,506.81,506.81,320.0,320,1.0,2757.23,12,0
AC00477,2023-12-01 16:01:26,3,1019.03,339.6766666666667,500.3333333333333,637,1.0,1726.4,31,1
AC00478,2023-11-09 17:26:27,7,3046.3,435.1857142857143,505.85714285714283,658,1.1428571428571428,3488.77,53,1
AC00479,2023-09-13 18:49:55,4,1369.76,342.44,496.25,644,1.0,1146.78,109,1
AC00480,2023-09-18 16:57:44,11,3309.5,300.8636363636364,577.6363636363636,665,1.0,2513.51,105,1
AC00481,2023-11-23 17:44:29,4,607.94,151.985,441.25,602,1.0,5374.69,39,1
AC00482,2024-01-01 16:53:32,6,1594.03,265.6716666666667,447.3333333333333,622,1.0,1983.0,0,0
AC00483,2023-10-16 16:13:57,4,1605.72,401.43,425.0,455,1.0,566.83,77,1
AC00485,2023-12-26 17:10:01,2,680.99,340.495,470.5,627,1.0,792.33,6,0
AC00486,2023-06-26 16:55:17,1,282.26,282.26,497.0,497,1.0,6857.2,189,1
AC00487,2023-12-11 16:06:04,4,480.52,120.13,426.0,507,1.0,193.8,21,0
AC00488,2023-11-06 17:53:25,4,1086.77,271.6925,469.0,567,1.0,2637.55,56,1
AC00489,2023-11-07 18:44:46,3,397.8,132.6,412.6666666666667,469,1.0,9100.81,54,1
AC00490,2023-11-28 16:55:41,5,1460.92,292.184,498.4,616,1.0,1145.23,34,1
AC00491,2023-04-26 18:35:50,1,37.57,37.57,558.0,558,1.0,7739.54,249,1
AC00492,2023-10-18 16:44:36,5,789.24,157.848,449.8,524,1.0,9905.23,75,1
AC00493,2023-11-06 18:42:53,5,593.13,118.626,512.0,615,1.0,7346.66,55,1
AC00494,2023-11-03 16:45:25,4,1873.41,468.3525,497.75,633,1.0,3677.63,59,1
AC00495,2023-12-01 18:46:28,8,2405.77,300.72125,463.75,609,1.5,6659.12,30,0
AC00496,2023-04-26 17:55:11,3,595.88,198.62666666666667,618.6666666666666,658,1.0,4575.98,250,1
AC00497,2023-11-01 17:23:46,6,1187.21,197.86833333333334,510.1666666666667,662,1.0,7588.67,61,1
AC00498,2024-01-01 16:34:10,8,3051.02,381.3775,462.125,651,1.125,1547.71,0,0
AC00499,2023-11-27 16:14:25,7,2321.29,331.61285714285714,526.2857142857143,665,1.0,6012.67,35,1
AC00500,2023-10-09 16:44:50,4,646.96,161.74,531.25,644,1.0,620.28,84,1
