AccountID,last_transaction,avg_amount,total_transactions,avg_balance,avg_login_attempts,days_since_last,high_risk_account
AC00001,2023-11-14 16:56:34,130.38,2,2915.16,1.0,48,False
AC00002,2023-12-21 17:00:50,293.7442857142857,7,4480.421428571429,1.1428571428571428,11,False
AC00003,2023-10-02 18:57:19,253.26800000000003,5,7329.567999999999,1.0,90,True
AC00004,2024-01-01 16:08:49,242.2311111111111,9,3340.956666666667,1.0,0,False
AC00005,2023-12-04 18:01:53,347.97444444444443,9,4457.837777777778,1.0,28,False
AC00006,2023-10-05 16:46:31,254.43,4,2051.2625,1.0,88,True
AC00007,2023-11-27 17:34:33,299.07599999999996,5,7428.594,1.0,35,False
AC00008,2023-11-21 16:45:29,76.16,1,1072.25,1.0,41,False
AC00009,2023-12-25 17:19:08,196.816,5,2929.928,1.0,7,False
AC00010,2023-11-30 16:52:42,395.5242857142857,7,5618.32,1.0,32,False
AC00011,2023-12-20 17:15:14,348.3228571428572,7,2679.1014285714286,1.5714285714285714,12,False
AC00012,2023-12-26 16:08:51,344.63000000000005,6,4145.016666666666,1.0,6,False
AC00013,2023-12-27 16:48:30,203.91,8,4462.63125,1.0,5,False
AC00014,2024-01-01 16:17:13,348.25333333333333,9,6523.9977777777785,1.0,0,False
AC00015,2023-11-06 16:28:15,287.185,4,3903.65,1.0,56,False
AC00016,2023-10-16 17:43:00,378.6616666666667,6,3985.7966666666666,1.0,77,True
AC00017,2023-11-27 17:39:39,226.69,5,3273.4739999999997,1.0,35,False
AC00018,2023-08-11 16:18:46,552.89,3,8086.323333333334,2.3333333333333335,143,True
AC00019,2023-07-10 18:16:08,237.0475,4,4981.91,1.0,175,True
AC00020,2023-11-13 16:46:06,420.89000000000004,9,3833.6277777777777,1.0,49,False
AC00021,2023-12-08 16:36:30,532.9175,8,3631.3912499999997,1.0,24,False
AC00022,2023-08-24 16:01:40,193.92000000000002,4,6334.74,1.0,130,True
AC00023,2023-09-18 16:04:06,208.62333333333333,6,3662.5466666666666,1.5,105,True
AC00024,2023-10-30 16:36:24,285.38800000000003,5,3440.032,1.0,63,True
AC00025,2023-12-08 17:05:35,207.685,2,6009.835,1.0,24,False
AC00026,2023-10-30 17:24:55,158.685,6,4629.8516666666665,1.0,63,True
AC00027,2023-11-20 16:29:14,185.84666666666666,3,9518.5,1.0,42,False
AC00028,2023-09-25 17:11:19,723.39,3,1610.4666666666665,1.0,98,True
AC00029,2023-12-04 18:30:00,323.68666666666667,6,6264.863333333334,1.0,27,False
AC00030,2023-10-25 16:13:39,329.96666666666664,9,5498.2877777777785,1.2222222222222223,68,True
AC00032,2023-12-19 16:39:57,376.0733333333333,9,3675.5722222222225,1.4444444444444444,13,False
AC00033,2023-12-19 16:46:08,150.165,6,3460.8866666666668,1.0,13,False
AC00034,2023-10-23 17:17:18,251.97500000000002,4,2910.24,1.0,70,True
AC00035,2023-12-07 16:11:01,239.0188888888889,9,6841.31,1.0,25,False
AC00036,2023-07-19 17:03:58,321.68,5,6564.382,1.0,166,True
AC00037,2023-12-25 16:25:43,126.625,2,7725.1,1.0,7,False
AC00038,2023-06-27 16:40:58,301.73,1,990.74,1.0,188,True
AC00039,2023-11-17 17:59:11,302.96571428571434,7,3446.2971428571427,1.7142857142857142,45,False
AC00040,2023-12-18 17:22:16,585.114,5,5260.7699999999995,1.0,14,False
AC00041,2023-12-22 16:27:49,164.24,7,3217.4000000000005,1.0,10,False
AC00042,2023-09-13 18:11:22,210.808,5,2019.3020000000001,1.0,110,True
AC00043,2023-11-14 17:23:43,503.6875,4,6327.0175,1.25,48,False
AC00044,2023-10-19 18:11:23,487.32,1,7707.96,1.0,74,True
AC00045,2023-09-11 17:51:17,369.024,5,4162.487999999999,1.0,112,True
AC00046,2023-11-06 16:24:45,356.65000000000003,3,4855.713333333334,1.0,56,False
AC00047,2024-01-01 17:21:56,403.05,4,6822.0775,1.0,0,False
AC00048,2023-12-25 17:13:46,534.09,3,6138.25,1.0,7,False
AC00049,2023-11-23 16:09:39,556.885,2,6420.015,1.0,39,False
AC00050,2023-11-09 16:11:59,203.91199999999998,5,2506.364,1.0,53,False
AC00051,2023-07-20 16:05:11,237.3,4,2963.5225,1.75,165,True
AC00052,2023-10-09 16:50:41,141.48999999999998,3,11790.659999999998,1.0,84,True
AC00053,2023-12-14 18:53:34,100.47285714285715,7,6333.698571428571,1.0,17,False
AC00054,2023-11-29 17:38:53,194.64111111111112,9,8343.468888888889,1.2222222222222223,33,False
AC00055,2023-11-10 16:10:34,188.22199999999998,5,2345.77,1.0,52,False
AC00056,2023-09-25 17:29:01,83.11,6,3311.976666666667,1.0,98,True
AC00057,2023-08-29 16:19:14,225.52399999999997,5,2884.134,1.2,125,True
AC00058,2023-12-28 16:46:46,245.6542857142857,7,6184.515714285714,1.0,4,False
AC00059,2023-09-25 16:41:04,148.2425,4,5450.702499999999,1.0,98,True
AC00060,2023-12-11 16:09:08,388.18,4,8073.03,1.5,21,False
AC00061,2023-11-20 16:06:10,191.41199999999998,5,4894.168,1.0,42,False
AC00062,2023-08-14 17:43:17,229.94000000000003,3,4016.0966666666664,1.0,140,True
AC00063,2023-11-20 16:27:31,319.272,10,6064.0650000000005,1.2,42,False
AC00064,2023-09-20 17:44:37,352.7625,4,6635.09,1.0,103,True
AC00065,2023-12-28 16:30:32,220.03400000000002,5,5017.586,1.0,4,False
AC00066,2023-10-23 16:03:49,215.76749999999998,4,4661.9349999999995,1.0,70,True
AC00067,2023-11-14 16:23:09,460.6257142857143,7,6148.915714285715,1.0,48,False
AC00068,2023-11-22 16:13:39,660.4975,4,3794.6925,1.0,40,False
AC00069,2023-12-25 17:27:57,231.08285714285714,7,6979.097142857143,1.0,7,False
AC00070,2023-11-13 17:34:15,236.48375000000001,8,5023.30875,1.375,49,False
AC00071,2023-12-25 17:41:30,506.265,8,1760.04875,2.0,7,False
AC00072,2023-12-22 17:08:55,322.255,4,5915.9325,1.0,10,False
AC00073,2023-12-05 16:32:49,366.964,5,6266.718,1.0,27,False
AC00074,2023-09-13 16:41:19,132.36666666666667,3,5596.883333333334,1.0,110,True
AC00075,2023-12-04 16:31:42,218.37400000000002,5,5046.526,1.0,28,False
AC00076,2023-12-22 16:42:33,237.14857142857144,7,4514.394285714286,1.0,10,False
AC00077,2023-12-15 16:48:08,292.72,6,5078.52,1.1666666666666667,17,False
AC00078,2023-11-30 17:48:36,489.52,6,4800.7,1.0,32,False
AC00079,2023-08-25 16:30:02,103.00399999999999,5,8332.318,1.0,129,True
AC00080,2023-12-04 16:16:19,373.06166666666667,6,4599.393333333333,1.0,28,False
AC00081,2023-08-14 16:20:49,202.45666666666668,3,833.0,1.0,140,True
AC00082,2023-09-28 16:14:49,240.69333333333336,3,2743.0533333333333,1.0,95,True
AC00083,2024-01-01 16:07:05,458.8966666666667,6,3086.2766666666666,1.5,0,False
AC00084,2023-10-23 18:41:35,251.015,2,5090.395,1.0,69,True
AC00085,2023-09-18 17:31:23,282.61833333333334,6,3256.9216666666666,1.0,105,True
AC00086,2023-12-20 16:17:16,455.7242857142857,7,3770.9185714285713,1.2857142857142858,12,False
AC00087,2023-12-29 17:55:30,204.7188888888889,9,5808.111111111111,1.0,3,False
AC00088,2023-02-28 17:34:08,256.77,2,1355.865,1.0,307,True
AC00089,2023-09-25 16:37:04,240.252,5,5283.8099999999995,1.8,98,True
AC00090,2023-11-09 17:51:35,286.66333333333336,9,5545.664444444444,1.0,53,False
AC00091,2023-10-13 16:05:10,359.00333333333333,3,7123.256666666667,1.0,80,True
AC00092,2023-12-18 18:41:26,289.7,8,6780.3775,1.0,13,False
AC00093,2023-12-14 16:15:28,351.7144444444445,9,4057.8533333333335,1.3333333333333333,18,False
AC00094,2023-08-08 17:07:42,56.004999999999995,4,4518.3225,1.0,146,True
AC00095,2023-10-20 17:48:44,397.73375,8,6626.547500000001,1.0,73,True
AC00096,2023-06-01 16:18:49,294.09999999999997,3,3377.3033333333333,1.0,214,True
AC00097,2023-12-19 16:57:40,87.24000000000001,3,4684.803333333333,1.0,13,False
AC00098,2023-12-11 17:26:22,642.514,5,7159.088000000001,1.0,21,False
AC00099,2023-09-18 17:07:08,627.745,4,6798.962500000001,1.0,105,True
AC00100,2023-07-17 16:32:45,149.11,3,5941.206666666668,1.3333333333333333,168,True
AC00101,2023-11-21 17:25:30,99.96666666666665,3,9256.106666666667,1.0,41,False
AC00102,2023-10-16 16:51:25,165.324,5,2944.042,1.0,77,True
AC00103,2023-12-25 17:01:44,429.0,5,3225.65,1.0,7,False
AC00104,2023-08-24 17:13:38,275.2,1,1230.12,1.0,130,True
AC00105,2023-08-25 18:24:06,127.27333333333333,3,4890.046666666666,1.0,128,True
AC00106,2023-12-25 17:31:53,344.03,6,3476.0266666666666,1.0,7,False
AC00107,2023-09-19 16:55:00,596.064,5,3541.558,1.0,104,True
AC00108,2023-11-28 16:38:08,320.06,6,2645.5633333333335,1.5,34,False
AC00109,2023-03-10 16:40:00,209.45999999999998,2,7460.469999999999,1.0,297,True
AC00110,2023-11-17 16:39:20,313.47125,8,6877.297500000001,1.125,45,False
AC00111,2023-12-11 18:43:00,438.81857142857143,7,7752.751428571429,1.0,20,False
AC00112,2023-04-18 17:17:37,554.15,1,14817.22,1.0,258,True
AC00113,2023-10-02 17:47:19,335.18,4,5511.6875,1.0,91,True
AC00114,2023-12-13 17:02:21,317.3228571428572,7,6692.155714285714,1.0,19,False
AC00115,2023-06-07 16:45:34,250.6966666666667,3,5561.496666666666,1.0,208,True
AC00116,2023-11-27 17:29:25,196.705,6,5196.58,1.0,35,False
AC00117,2023-04-12 16:03:37,55.32,1,241.79,1.0,264,True
AC00118,2023-04-14 16:00:51,312.65,4,2507.6725,1.0,262,True
AC00119,2023-12-04 16:10:04,273.21166666666664,6,7481.866666666668,1.0,28,False
AC00120,2023-11-14 18:49:52,290.7633333333333,6,7797.528333333333,1.1666666666666667,47,False
AC00121,2023-03-01 17:52:14,147.365,2,4727.515,1.0,306,True
AC00122,2023-12-26 16:07:28,259.39833333333337,6,4967.5616666666665,1.0,6,False
AC00123,2023-11-27 17:51:15,229.76500000000001,4,7671.035000000001,1.0,35,False
AC00124,2023-12-29 18:07:04,297.705,4,7488.18,1.75,3,False
AC00125,2023-12-11 16:52:47,167.61499999999998,6,5158.7300000000005,1.0,21,False
AC00126,2023-08-07 16:54:58,217.12285714285713,7,5026.975714285714,1.0,147,True
AC00127,2023-03-08 16:57:30,272.72499999999997,2,7377.245,1.0,299,True
AC00128,2023-11-13 17:28:12,460.6985714285715,7,3310.4199999999996,1.0,49,False
AC00129,2023-10-03 16:22:49,273.855,4,6915.41,1.0,90,True
AC00130,2023-09-05 16:52:06,318.09222222222223,9,5486.9,1.1111111111111112,118,True
AC00131,2023-11-07 17:44:12,314.38,9,4672.113333333334,1.0,55,False
AC00132,2023-12-29 16:30:53,96.4825,4,5044.507500000001,1.0,3,False
AC00133,2023-11-23 16:15:59,199.75571428571428,7,3986.5799999999995,1.0,39,False
AC00134,2023-08-25 16:45:20,49.59,1,6037.03,1.0,129,True
AC00135,2023-05-18 16:16:53,72.945,2,8796.24,1.0,228,True
AC00136,2023-11-20 16:31:36,485.06625,8,5374.211249999999,1.0,42,False
AC00137,2023-12-12 16:17:27,125.72333333333334,3,3988.9500000000003,1.0,20,False
AC00138,2023-08-29 16:50:17,208.2,2,4039.17,1.5,125,True
AC00139,2023-12-18 16:06:14,177.72,8,6090.3625,1.5,14,False
AC00140,2023-11-13 16:58:19,150.40285714285713,7,5234.305714285714,1.0,49,False
AC00141,2023-10-17 16:58:59,291.23400000000004,5,5206.886,1.0,76,True
AC00142,2023-11-16 16:33:22,264.85,2,3924.345,1.0,46,False
AC00143,2023-08-18 17:02:15,275.756,5,7637.503999999999,1.0,136,True
AC00144,2023-12-04 17:53:57,230.37125,8,4127.6537499999995,1.25,28,False
AC00145,2023-09-12 16:50:21,280.55600000000004,5,4859.604,1.6,111,True
AC00146,2023-09-06 16:03:15,585.89,2,12340.82,1.0,117,True
AC00147,2023-11-20 17:17:05,129.54,3,7854.639999999999,1.0,42,False
AC00148,2023-08-21 16:07:13,573.758,5,6203.84,1.0,133,True
AC00149,2023-11-09 18:45:10,369.68333333333334,6,7058.091666666667,1.5,52,False
AC00150,2023-07-04 16:25:35,290.08,7,5858.764285714286,1.4285714285714286,181,True
AC00151,2023-06-05 17:48:33,289.2075,4,6460.787499999999,1.0,210,True
AC00152,2024-01-01 16:25:13,242.4675,4,3941.26,1.0,0,False
AC00153,2023-09-18 17:44:50,350.27,7,4495.128571428571,1.2857142857142858,105,True
AC00154,2023-11-30 17:53:48,173.886,5,3856.7119999999995,1.0,32,False
AC00155,2024-01-01 16:12:32,292.8666666666667,6,5971.546666666666,1.0,0,False
AC00156,2023-12-18 16:47:17,431.008,5,2481.3419999999996,1.0,14,False
AC00157,2023-12-04 17:25:18,249.81800000000004,5,4543.075999999999,1.0,28,False
AC00158,2023-12-22 17:31:59,336.3742857142857,7,5047.847142857143,1.0,10,False
AC00159,2023-08-10 16:39:44,204.82799999999997,5,5827.548000000001,1.0,144,True
AC00160,2023-10-03 16:15:25,513.445,2,5922.665,1.0,90,True
AC00161,2023-12-11 16:06:51,491.47499999999997,4,7019.25,2.0,21,False
AC00162,2023-11-13 16:16:24,44.875,2,2093.06,1.0,49,False
AC00163,2023-12-11 16:57:08,307.955,2,1000.215,1.0,21,False
AC00164,2023-07-12 16:54:53,506.56333333333333,6,6175.1016666666665,1.0,173,True
AC00165,2023-11-14 16:09:22,293.5266666666667,6,4871.538333333333,1.0,48,False
AC00166,2023-12-12 17:41:53,234.57666666666668,6,4251.545000000001,1.0,20,False
AC00167,2023-09-27 16:39:38,316.31399999999996,5,5161.33,1.0,96,True
AC00168,2023-12-27 16:40:01,77.83,1,2471.53,1.0,5,False
AC00169,2023-08-14 16:46:26,87.845,2,7002.049999999999,4.0,140,True
AC00170,2023-12-21 16:21:27,247.32571428571433,7,5322.22,1.5714285714285714,11,False
AC00171,2023-12-21 17:56:04,177.98600000000002,5,7441.08,1.0,11,False
AC00172,2023-10-30 16:18:48,580.9979999999999,5,4234.562,1.0,63,True
AC00173,2023-11-03 16:31:22,448.8,4,5366.004999999999,1.0,59,False
AC00174,2023-10-16 16:29:39,175.17,4,4297.865,2.0,77,True
AC00175,2023-11-27 16:33:20,305.21999999999997,7,6035.412857142857,1.0,35,False
AC00176,2023-12-25 18:29:05,294.71,8,3415.33,1.0,6,False
AC00177,2023-12-05 18:33:02,328.1222222222222,9,4208.693333333333,1.0,26,False
AC00178,2023-10-19 17:34:53,175.822,5,4872.183999999999,1.6,74,True
AC00179,2023-10-27 18:28:05,636.6216666666667,6,8851.878333333334,1.0,65,True
AC00180,2023-10-10 18:12:07,108.96,1,7597.66,1.0,83,True
AC00181,2023-12-04 18:27:11,289.46,5,4768.766,1.0,27,False
AC00182,2023-10-16 17:47:41,444.20124999999996,8,3058.38625,1.125,77,True
AC00183,2023-09-18 16:19:03,272.6616666666667,6,3703.4066666666663,1.0,105,True
AC00184,2023-10-31 17:06:47,255.4025,4,7573.0,1.0,62,True
AC00185,2023-12-18 17:09:29,242.40166666666664,6,4565.13,1.0,14,False
AC00186,2023-12-18 16:30:46,228.41500000000002,2,8892.369999999999,1.0,14,False
AC00187,2023-10-02 17:44:05,190.63600000000002,5,4231.834,1.8,91,True
AC00188,2023-09-25 16:22:10,110.95599999999999,5,6394.692,1.0,98,True
AC00189,2023-10-09 18:28:04,302.014,5,2049.5119999999997,1.8,83,True
AC00190,2023-08-30 17:54:55,220.82799999999997,5,2487.6400000000003,1.0,124,True
AC00191,2023-12-28 18:53:29,170.4333333333333,3,11100.473333333333,2.0,3,False
AC00192,2023-09-07 16:28:19,562.5425,4,7032.6275000000005,1.0,116,True
AC00193,2023-10-12 16:29:09,265.74,2,5706.585,1.0,81,True
AC00194,2023-09-08 16:28:54,188.884,5,4145.79,1.4,115,True
AC00195,2023-09-18 16:40:55,489.33000000000004,2,8328.465,1.0,105,True
AC00196,2023-12-20 18:58:27,337.8966666666667,6,5811.728333333333,1.0,11,False
AC00197,2023-11-06 16:31:43,150.5825,4,4838.825,1.0,56,False
AC00198,2023-06-23 17:38:26,533.9100000000001,2,5989.475,1.0,192,True
AC00199,2023-02-15 16:36:48,7.08,1,13316.71,1.0,320,True
AC00200,2023-10-12 16:02:13,221.06714285714287,7,5245.604285714285,1.7142857142857142,81,True
AC00201,2023-11-27 17:04:28,207.064,5,2108.826,1.0,35,False
AC00202,2023-12-22 16:25:16,310.1766666666667,12,3980.2966666666666,1.0,10,False
AC00203,2023-12-15 16:04:20,456.87999999999994,6,5597.166666666667,1.0,17,False
AC00204,2024-01-01 16:30:58,379.82142857142856,7,4325.5257142857145,1.0,0,False
AC00205,2023-12-12 16:57:29,414.50249999999994,4,6163.795,1.0,20,False
AC00206,2023-09-08 16:09:45,255.455,2,2588.2200000000003,2.5,115,True
AC00207,2023-12-28 16:51:20,129.41,2,3334.205,1.0,4,False
AC00208,2023-12-29 17:17:48,617.7099999999999,4,3018.8075,1.0,3,False
AC00209,2023-12-01 17:45:19,275.566,5,3774.782,1.0,31,False
AC00210,2023-12-11 16:37:20,260.7875,4,6364.28,1.0,21,False
AC00211,2023-08-30 18:38:56,497.39,4,7203.62,1.25,123,True
AC00212,2023-12-25 16:11:46,312.33,3,8039.32,1.0,7,False
AC00213,2023-12-04 17:06:43,262.7866666666667,6,5226.291666666667,1.0,28,False
AC00214,2023-05-22 17:45:02,107.72,2,3292.69,1.0,224,True
AC00215,2023-12-25 17:41:33,192.374,5,6968.138000000001,1.0,7,False
AC00216,2023-10-23 16:35:48,269.406,5,5081.764,1.8,70,True
AC00217,2023-12-04 16:27:40,232.59666666666666,6,2673.505,1.0,28,False
AC00218,2023-11-03 18:33:50,260.46285714285716,7,6312.392857142857,1.2857142857142858,58,False
AC00219,2023-12-27 17:18:17,142.899,10,5530.194,1.0,5,False
AC00220,2023-11-06 16:34:10,425.175,6,6363.110000000001,1.0,56,False
AC00221,2023-06-05 16:24:12,170.24,1,5172.99,1.0,210,True
AC00222,2023-10-09 16:17:07,411.4975,4,3920.585,1.0,84,True
AC00223,2023-11-15 16:08:52,411.2,2,7726.22,1.0,47,False
AC00224,2023-11-16 17:14:01,240.35,2,4353.315,2.0,46,False
AC00225,2023-11-13 16:11:52,266.02727272727276,11,4387.590909090909,1.1818181818181819,49,False
AC00227,2023-12-22 18:24:01,328.57599999999996,5,6610.35,1.8,9,False
AC00228,2023-12-21 18:44:40,313.73749999999995,8,6111.245,1.75,10,False
AC00229,2023-12-25 17:18:58,220.66199999999998,5,4422.44,1.0,7,False
AC00230,2023-11-27 16:10:37,452.25,3,6717.666666666667,1.0,35,False
AC00231,2023-12-18 17:53:03,317.454,5,7652.6179999999995,1.0,14,False
AC00232,2023-12-25 17:53:56,262.11199999999997,5,6050.3820000000005,1.0,7,False
AC00233,2023-11-27 17:01:48,135.78666666666666,6,6186.758333333334,1.0,35,False
AC00235,2023-11-30 16:31:03,193.32857142857145,7,6119.731428571429,1.0,32,False
AC00236,2023-12-05 17:57:39,345.3999999999999,6,5299.056666666666,1.0,27,False
AC00237,2023-10-24 17:09:41,365.93,5,10119.09,1.6,69,True
AC00238,2023-11-06 17:20:40,335.68,1,1188.95,1.0,56,False
AC00239,2023-12-28 17:31:03,207.22799999999998,5,4056.996,1.2,4,False
AC00240,2023-08-25 17:26:27,750.6600000000001,2,1751.655,1.0,129,True
AC00241,2024-01-01 17:16:23,193.63444444444445,9,5154.2155555555555,1.2222222222222223,0,False
AC00242,2023-11-20 16:29:48,145.5211111111111,9,4646.2477777777785,1.0,42,False
AC00243,2023-08-21 17:10:10,182.455,4,4149.6175,2.0,133,True
AC00244,2023-10-12 17:10:20,365.25,5,3762.472,1.0,81,True
AC00245,2023-12-15 16:16:30,176.91666666666666,6,8931.121666666666,1.6666666666666667,17,False
AC00246,2023-12-22 17:49:57,128.728,5,9185.617999999999,1.8,10,False
AC00247,2024-01-01 17:37:04,165.2057142857143,7,5752.7242857142855,1.0,0,False
AC00248,2023-12-01 17:45:05,311.50999999999993,7,1939.4685714285715,1.0,31,False
AC00249,2023-12-18 18:34:33,120.436,5,8682.344000000001,1.0,13,False
AC00250,2023-04-03 18:37:57,496.615,2,5055.095,1.0,272,True
AC00251,2023-12-25 17:05:00,692.71,4,3080.4049999999997,1.0,7,False
AC00252,2023-12-25 17:12:21,750.785,2,6773.719999999999,1.0,7,False
AC00253,2023-11-29 17:43:51,515.64,6,3488.9883333333332,1.0,33,False
AC00254,2023-11-23 16:59:11,200.665,6,5198.929999999999,1.1666666666666667,39,False
AC00255,2023-11-06 16:32:58,359.9666666666667,3,7753.016666666666,1.0,56,False
AC00256,2023-12-19 17:19:47,419.46333333333337,3,5221.81,1.0,13,False
AC00257,2023-12-06 17:10:35,310.0018181818182,11,6594.159090909091,1.0,26,False
AC00258,2023-11-28 16:09:34,228.5142857142857,7,3264.925714285714,1.0,34,False
AC00259,2023-10-23 16:27:20,204.09,3,3837.0766666666664,1.0,70,True
AC00260,2023-11-24 17:52:34,130.25,4,3065.1549999999997,1.5,38,False
AC00261,2023-07-14 16:22:54,145.12875,8,5556.275000000001,1.25,171,True
AC00262,2023-10-30 16:49:25,470.47200000000004,5,2872.004,1.4,63,True
AC00263,2023-12-29 16:45:06,310.168,5,8126.625999999999,1.0,3,False
AC00264,2023-11-20 16:39:15,441.25500000000005,6,2540.1749999999997,1.5,42,False
AC00265,2023-12-04 16:14:07,439.2888888888889,9,5747.238888888889,1.0,28,False
AC00266,2023-12-01 16:33:43,153.5325,4,5184.8975,1.0,31,False
AC00267,2023-12-06 17:34:01,200.31099999999998,10,3659.88,1.0,26,False
AC00268,2023-09-22 16:13:06,461.99,4,6291.055,1.0,101,True
AC00269,2023-11-24 16:30:21,153.20333333333335,3,7879.653333333333,1.0,38,False
AC00270,2023-12-12 16:23:31,336.145,2,1960.1,1.0,20,False
AC00271,2023-12-29 16:32:37,142.30599999999998,5,2121.4260000000004,1.0,3,False
AC00272,2023-12-18 16:33:07,292.73,8,4363.1975,1.75,14,False
AC00273,2023-12-04 16:27:11,597.675,4,4521.2575,1.0,28,False
AC00274,2023-11-08 17:24:54,266.072,5,6314.3279999999995,1.0,54,False
AC00275,2023-11-06 17:23:43,217.7555555555556,9,5409.711111111112,1.0,56,False
AC00276,2023-09-04 17:46:40,294.22799999999995,5,6876.454000000001,1.0,119,True
AC00277,2023-09-12 18:46:45,441.77,3,7847.46,1.0,110,True
AC00278,2023-12-25 17:31:16,279.3433333333333,3,8107.5,1.0,7,False
AC00279,2023-09-01 18:05:37,235.88888888888889,9,7029.763333333333,1.3333333333333333,122,True
AC00280,2023-12-06 17:27:14,347.662,5,6585.808,1.0,26,False
AC00281,2023-11-09 16:06:17,288.0275,4,7851.967500000001,1.0,53,False
AC00282,2023-12-13 16:01:38,297.63,6,7422.991666666666,1.3333333333333333,19,False
AC00283,2023-12-25 17:42:00,77.9,1,664.72,1.0,7,False
AC00284,2023-11-15 18:04:22,441.66875,8,5602.1900000000005,1.0,47,False
AC00285,2023-11-03 16:50:20,405.2242857142857,7,5298.9857142857145,1.0,59,False
AC00286,2023-10-10 17:24:33,90.67333333333333,6,4575.341666666666,1.0,83,True
AC00287,2023-10-18 18:26:25,320.885,2,4740.825,1.0,74,True
AC00288,2023-10-26 17:51:32,396.0833333333333,3,4081.3799999999997,1.0,67,True
AC00289,2023-08-10 16:23:08,346.4066666666667,3,4222.6033333333335,1.0,144,True
AC00290,2023-12-14 16:09:42,472.71500000000003,4,3901.575,1.0,18,False
AC00291,2023-09-20 17:57:15,404.0185714285714,7,7245.484285714286,1.0,103,True
AC00292,2023-12-25 18:16:39,279.17571428571426,7,7738.22,1.0,7,False
AC00293,2023-12-13 17:25:54,77.945,4,4518.219999999999,1.0,19,False
AC00294,2023-09-19 17:23:14,316.48249999999996,4,5869.889999999999,1.0,104,True
AC00295,2023-11-29 18:03:46,249.90166666666667,6,6326.121666666666,1.1666666666666667,33,False
AC00296,2023-12-08 16:45:12,389.09749999999997,4,1070.6675,1.0,24,False
AC00297,2023-08-21 18:36:41,273.373,10,5831.1230000000005,1.0,132,True
AC00298,2023-11-24 17:35:47,131.48142857142858,7,3864.9,1.0,38,False
AC00299,2023-10-23 18:54:48,120.7325,4,7235.755,1.0,69,True
AC00300,2023-11-24 17:29:06,171.302,5,5231.218,1.0,38,False
AC00301,2023-12-19 17:11:31,396.93333333333334,6,3055.98,1.0,13,False
AC00302,2023-12-07 17:13:16,476.6675,4,7329.4125,1.0,25,False
AC00303,2023-11-28 16:17:46,498.2416666666666,6,5414.301666666666,1.0,34,False
AC00304,2023-12-20 17:13:50,331.9818181818182,11,6378.040909090909,1.0909090909090908,12,False
AC00305,2023-11-01 17:44:46,230.47833333333332,6,7643.9800000000005,1.5,61,True
AC00306,2023-12-08 17:24:44,219.86333333333334,6,4522.18,1.0,24,False
AC00307,2023-11-10 16:06:27,204.59333333333333,3,3353.773333333333,1.0,52,False
AC00308,2023-11-08 17:53:52,242.23000000000002,2,6050.63,1.0,54,False
AC00309,2023-07-27 16:28:26,52.04,1,8436.12,1.0,158,True
AC00310,2023-10-30 17:17:51,439.97714285714284,7,3099.9471428571424,1.4285714285714286,63,True
AC00311,2023-10-12 18:11:27,291.2816666666667,6,3588.736666666666,1.0,81,True
AC00312,2023-08-14 16:09:21,489.73,4,2322.4975,1.0,140,True
AC00313,2023-10-12 16:57:36,247.89999999999998,3,5137.25,1.0,81,True
AC00314,2023-12-19 16:55:17,235.76,4,6035.6075,1.0,13,False
AC00315,2023-09-20 16:30:06,201.61200000000002,5,5088.778,1.2,103,True
AC00316,2023-11-30 16:51:46,572.9266666666666,6,6999.878333333333,1.5,32,False
AC00317,2023-10-30 16:52:49,433.22142857142853,7,5200.824285714286,1.2857142857142858,63,True
AC00318,2023-12-11 17:19:07,402.93600000000004,5,5194.2119999999995,1.8,21,False
AC00319,2023-12-07 18:28:50,333.68600000000004,5,4170.716,1.0,24,False
AC00320,2023-07-11 16:39:53,335.65200000000004,5,3435.1440000000002,1.0,174,True
AC00321,2023-04-04 16:12:25,229.35999999999999,2,6583.134999999999,1.0,272,True
AC00322,2023-12-15 16:38:43,340.74111111111114,9,4892.466666666666,1.0,17,False
AC00323,2023-12-18 16:33:01,320.0,4,6179.945,1.0,14,False
AC00324,2023-09-13 16:14:04,206.738,5,3700.8959999999997,1.0,110,True
AC00325,2023-12-04 16:08:59,331.656,5,5205.524,1.4,28,False
AC00326,2023-12-14 18:52:54,238.208,5,3002.6,1.8,17,False
AC00327,2023-12-18 17:10:48,459.555,6,2363.8233333333333,1.0,14,False
AC00328,2023-09-01 16:07:38,150.746,5,5880.886,1.0,122,True
AC00329,2023-11-27 18:28:57,220.51333333333335,9,4076.456666666667,1.0,34,False
AC00330,2023-06-08 17:08:06,216.66750000000002,4,4218.5225,1.0,207,True
AC00331,2023-10-31 16:05:00,333.0442857142857,7,3443.2514285714287,1.4285714285714286,62,True
AC00332,2023-12-18 16:32:56,294.95125,8,5286.797500000001,1.125,14,False
AC00333,2023-10-19 18:06:08,178.84666666666666,3,7932.0,2.3333333333333335,74,True
AC00334,2023-12-26 18:13:56,283.00333333333333,3,4797.21,1.0,6,False
AC00335,2023-03-20 16:02:51,171.595,2,6542.455,1.0,287,True
AC00336,2023-09-25 16:58:25,531.6175000000001,4,2706.505,1.5,98,True
AC00337,2023-10-30 18:58:42,549.17625,8,4463.3825,1.0,62,True
AC00338,2023-11-27 16:57:08,415.05428571428575,7,3110.2757142857145,1.0,35,False
AC00339,2023-11-20 18:53:47,278.74222222222227,9,5782.372222222223,1.0,41,False
AC00340,2023-11-27 16:38:34,256.57666666666665,3,10344.413333333334,2.0,35,False
AC00341,2023-11-30 16:07:36,100.89,5,6483.114,1.0,32,False
AC00342,2023-07-13 16:44:25,209.79666666666665,3,3593.2833333333333,1.0,172,True
AC00344,2023-11-15 17:32:11,572.9200000000001,4,5391.355,1.0,47,False
AC00345,2023-12-18 18:25:05,314.1388888888889,9,6014.265555555556,1.0,13,False
AC00346,2023-03-13 16:26:30,180.46,1,831.75,1.0,294,True
AC00347,2023-12-25 16:25:42,261.50666666666666,3,2581.1966666666667,1.0,7,False
AC00348,2023-11-02 16:15:50,361.24,4,3637.8025000000002,1.0,60,False
AC00349,2023-11-15 17:23:40,173.015,6,7319.05,1.0,47,False
AC00350,2023-07-20 16:58:05,907.92,2,3236.535,1.0,165,True
AC00351,2023-02-15 16:17:59,147.705,2,1794.355,1.0,320,True
AC00352,2023-10-13 16:22:08,194.825,4,3500.565,1.0,80,True
AC00353,2023-09-21 18:13:38,76.75,5,4495.168,1.8,102,True
AC00354,2023-08-23 16:35:42,417.54400000000004,5,5952.3099999999995,1.6,131,True
AC00355,2023-10-10 16:49:03,305.33666666666664,3,3516.0533333333333,1.0,83,True
AC00356,2023-09-07 17:44:26,322.90875,8,5589.5599999999995,1.0,116,True
AC00357,2023-11-13 17:47:07,306.72499999999997,6,4306.788333333333,1.0,49,False
AC00358,2023-11-17 16:02:02,450.05375,8,5731.01875,2.0,45,False
AC00359,2023-12-14 18:32:14,346.53833333333336,6,3581.4300000000003,1.0,17,False
AC00360,2023-08-29 16:24:23,322.37166666666667,6,5327.708333333333,1.0,125,True
AC00361,2023-11-27 16:16:19,120.475,2,715.385,1.0,35,False
AC00362,2023-12-08 16:51:28,249.27666666666667,12,5397.5616666666665,1.0,24,False
AC00363,2023-12-20 16:17:11,391.90916666666664,12,5502.639166666667,1.0,12,False
AC00364,2023-10-16 16:06:05,143.54,1,6067.62,1.0,77,True
AC00365,2023-10-27 16:42:49,197.974,5,6982.93,1.0,66,True
AC00366,2023-08-31 16:16:15,380.47375,8,5189.0650000000005,1.0,123,True
AC00367,2023-10-11 18:04:39,233.61428571428573,7,5213.394285714285,1.0,82,True
AC00368,2023-07-18 16:38:11,286.0,4,6403.389999999999,1.0,167,True
AC00369,2023-12-07 17:33:16,380.00666666666666,6,2938.8349999999996,1.0,25,False
AC00370,2024-01-01 18:21:50,344.40999999999997,7,5771.122857142857,1.0,0,False
AC00371,2023-02-17 16:08:54,164.325,2,6745.415,1.0,318,True
AC00372,2023-10-16 16:30:38,680.61,3,10161.173333333334,1.0,77,True
AC00373,2023-12-21 16:37:03,222.35444444444445,9,6042.548888888889,1.0,11,False
AC00374,2023-12-15 17:01:58,222.90833333333333,6,1561.5833333333333,1.0,17,False
AC00375,2023-12-18 18:26:07,326.42,3,8947.153333333334,1.0,13,False
AC00376,2023-05-02 16:14:22,208.4766666666667,3,5243.913333333334,1.0,244,True
AC00377,2023-06-22 16:38:46,297.1675,4,3897.2525,1.0,193,True
AC00378,2023-11-16 17:26:37,329.6516666666667,6,3079.1733333333336,1.0,46,False
AC00379,2023-10-04 16:01:18,370.74,2,1870.69,1.0,89,True
AC00380,2023-12-25 16:56:06,196.11166666666668,6,4189.546666666667,1.0,7,False
AC00381,2023-10-02 16:03:09,296.90000000000003,3,4714.416666666667,1.0,91,True
AC00382,2023-09-04 16:48:13,387.865,6,3778.4233333333336,1.0,119,True
AC00383,2023-11-24 18:51:32,138.75500000000002,4,2026.9250000000002,1.0,37,False
AC00384,2023-12-04 18:11:56,366.03285714285715,7,4298.8328571428565,1.0,28,False
AC00385,2023-12-11 16:23:59,591.6,7,2371.3642857142854,1.0,21,False
AC00386,2023-12-12 17:20:46,217.94625,8,3628.61625,1.0,20,False
AC00387,2023-09-28 18:53:02,238.45000000000002,3,8244.94,1.3333333333333333,94,True
AC00388,2023-09-04 17:22:24,639.805,2,1244.13,1.0,119,True
AC00389,2023-10-04 17:06:57,312.12,3,4131.94,1.0,89,True
AC00390,2023-11-06 16:42:34,161.08142857142857,7,4912.302857142857,1.0,56,False
AC00391,2023-11-09 16:47:01,155.93666666666667,3,4006.4500000000003,1.0,53,False
AC00392,2023-10-16 16:11:52,288.1133333333333,3,2030.6899999999998,1.0,77,True
AC00393,2023-10-31 16:46:18,209.20624999999998,8,2569.13875,1.375,62,True
AC00394,2023-11-23 17:42:11,240.10999999999999,7,2488.424285714286,1.0,39,False
AC00395,2023-11-13 16:42:28,317.4166666666667,3,1523.4533333333331,1.0,49,False
AC00396,2023-11-02 16:05:49,410.8375,8,5083.671249999999,1.125,60,False
AC00397,2023-09-25 16:54:22,264.8457142857143,7,4550.38,1.0,98,True
AC00398,2023-11-27 18:26:02,408.5971428571429,7,4951.162857142857,1.0,34,False
AC00399,2023-10-24 17:28:18,241.14600000000002,5,5699.268,1.0,69,True
AC00400,2023-12-13 16:41:13,162.91199999999998,5,4708.2,1.0,19,False
AC00401,2023-11-13 16:30:21,276.9216666666667,6,7084.893333333333,1.0,49,False
AC00402,2023-10-26 16:52:14,328.71,4,5179.305,1.0,67,True
AC00403,2023-12-25 16:30:45,122.57124999999999,8,5085.89125,1.0,7,False
AC00404,2023-11-21 16:58:44,87.4125,4,5045.035,1.0,41,False
AC00405,2023-11-22 16:07:19,427.675,6,5206.643333333333,1.0,40,False
AC00406,2023-06-19 18:22:10,183.71,1,552.52,1.0,195,True
AC00407,2023-12-29 16:38:21,388.3,7,4593.85,1.0,3,False
AC00408,2023-06-15 16:41:00,278.19,2,3399.9300000000003,1.0,200,True
AC00409,2023-12-28 16:34:52,262.93999999999994,5,7095.9800000000005,1.4,4,False
AC00410,2023-11-23 18:00:00,315.602,5,4947.503999999999,1.8,39,False
AC00411,2023-12-28 16:27:12,280.7966666666667,6,6963.801666666666,1.0,4,False
AC00412,2023-10-30 17:48:09,285.885,4,5227.5725,1.0,63,True
AC00413,2023-12-29 17:37:37,360.2775,4,5580.67,1.25,3,False
AC00414,2023-11-29 17:55:07,314.07666666666665,3,2148.7433333333333,1.0,33,False
AC00415,2023-11-06 17:22:58,36.056666666666665,3,8524.63,1.3333333333333333,56,False
AC00416,2023-10-31 16:11:57,508.776,5,6481.4619999999995,1.0,62,True
AC00417,2023-10-18 17:47:52,154.33599999999998,5,5679.462,1.8,75,True
AC00418,2023-10-16 18:53:31,286.33666666666664,6,4995.445000000001,2.1666666666666665,76,True
AC00419,2023-08-11 18:42:10,280.6066666666666,3,6613.096666666667,1.0,142,True
AC00420,2023-12-25 16:28:20,447.895,4,3821.8450000000003,1.0,7,False
AC00421,2023-11-20 16:29:28,221.37333333333333,3,2268.1966666666667,1.0,42,False
AC00422,2023-07-10 18:34:22,143.2375,4,5097.965,1.0,174,True
AC00423,2023-11-27 18:32:49,506.3566666666666,6,5645.848333333334,1.0,34,False
AC00424,2023-07-13 17:48:24,242.404,5,6675.386,1.0,172,True
AC00425,2023-11-07 16:48:23,355.30571428571426,7,3145.407142857143,1.0,55,False
AC00426,2023-10-23 17:25:04,249.02666666666664,6,2463.478333333333,1.6666666666666667,70,True
AC00427,2023-11-29 18:10:30,266.39444444444445,9,3967.522222222222,1.0,33,False
AC00428,2023-11-08 18:24:56,575.98,3,3608.556666666666,1.0,53,False
AC00429,2023-10-23 16:03:09,93.11,3,10324.609999999999,1.0,70,True
AC00430,2023-12-25 16:58:19,210.43,7,5810.46,1.2857142857142858,7,False
AC00431,2023-06-28 16:05:19,392.92142857142863,7,6754.105714285715,1.0,187,True
AC00432,2023-11-27 16:18:25,239.13714285714286,7,2751.132857142857,1.2857142857142858,35,False
AC00433,2023-07-12 16:17:27,565.7666666666667,3,4376.833333333333,1.0,173,True
AC00434,2023-11-21 17:05:17,257.0142857142857,7,5989.077142857143,1.0,41,False
AC00435,2023-08-07 17:29:48,214.79500000000002,2,4749.3,1.0,147,True
AC00436,2023-12-25 16:30:09,206.974,5,8505.572,1.0,7,False
AC00437,2023-12-05 16:19:23,230.5425,4,3032.8925,1.0,27,False
AC00438,2023-12-25 18:03:33,165.69125,8,7599.81375,1.375,7,False
AC00439,2023-11-20 17:11:02,465.0899999999999,9,5329.817777777778,1.2222222222222223,42,False
AC00440,2023-01-03 16:46:36,201.69,1,7328.52,1.0,363,True
AC00441,2023-12-04 16:25:27,317.9483333333333,6,2533.6150000000002,1.6666666666666667,28,False
AC00442,2023-12-11 16:47:05,186.5911111111111,9,4952.461111111111,1.1111111111111112,21,False
AC00443,2023-12-20 18:12:25,646.28,4,8000.0925,1.0,12,False
AC00444,2023-12-27 18:55:13,124.0925,4,5696.0599999999995,1.0,4,False
AC00445,2023-12-08 16:47:48,357.5,5,2845.402,1.0,24,False
AC00446,2023-12-19 16:11:38,207.288,5,4029.4,1.0,13,False
AC00447,2023-10-20 16:02:07,158.275,4,4753.37,1.0,73,True
AC00448,2023-11-28 16:45:08,168.26571428571427,7,5047.368571428572,1.0,34,False
AC00449,2023-06-23 16:10:12,159.296,5,6022.85,1.0,192,True
AC00450,2023-10-09 18:20:39,306.9633333333333,3,5345.143333333333,1.0,84,True
AC00451,2023-10-09 17:48:55,307.276,5,4897.7,1.0,84,True
AC00452,2023-10-25 17:37:30,195.96,7,7546.721428571429,1.0,68,True
AC00453,2023-09-21 16:52:18,263.41111111111115,9,5334.753333333333,1.2222222222222223,102,True
AC00454,2023-12-20 16:08:02,494.1825,4,2173.075,2.0,12,False
AC00455,2023-11-28 18:04:26,304.6228571428572,7,5543.7,1.0,34,False
AC00456,2023-12-05 16:01:44,280.9636363636364,11,4777.488181818181,1.4545454545454546,27,False
AC00457,2023-09-05 17:02:23,261.5933333333333,3,6303.886666666666,1.0,118,True
AC00458,2023-12-11 16:03:50,220.70857142857145,7,6175.627142857143,1.0,21,False
AC00459,2023-12-26 17:40:23,216.2242857142857,7,6053.5371428571425,1.0,6,False
AC00460,2024-01-01 16:45:56,464.195,12,4887.100833333333,1.1666666666666667,0,False
AC00461,2023-12-08 16:16:02,167.73333333333332,3,3679.2900000000004,1.0,24,False
AC00462,2023-11-27 16:27:56,82.36666666666666,6,2237.115,1.0,35,False
AC00463,2023-12-06 16:10:00,119.89,4,9311.2175,1.0,26,False
AC00464,2023-12-29 18:29:23,337.77125,8,6215.8425,1.0,2,False
AC00465,2023-10-18 18:17:05,187.83125,8,7120.5125,1.75,75,True
AC00466,2023-11-06 16:35:59,658.9925000000001,4,5042.235,1.0,56,False
AC00467,2023-12-18 16:25:18,400.73,3,7243.649999999999,1.0,14,False
AC00468,2023-09-18 16:31:03,111.38000000000001,4,7363.93,2.0,105,True
AC00469,2023-04-06 17:24:16,65.57,1,7513.79,1.0,270,True
AC00470,2023-05-26 17:32:29,426.27,4,5462.8425,1.25,220,True
AC00471,2023-12-25 17:46:24,294.90833333333336,6,7503.031666666667,1.0,7,False
AC00472,2023-01-05 17:48:29,588.37,1,1926.08,1.0,361,True
AC00473,2023-06-15 18:45:38,57.16,1,222.22,1.0,199,True
AC00474,2023-05-01 16:23:40,375.6566666666667,3,7029.97,1.0,245,True
AC00475,2023-12-14 17:31:18,120.90375,8,2139.37125,1.0,18,False
AC00476,2023-12-20 16:17:24,506.81,1,2757.23,1.0,12,False
AC00477,2023-12-01 16:01:26,339.6766666666667,3,5769.356666666667,1.0,31,False
AC00478,2023-11-09 17:26:27,435.1857142857143,7,5016.675714285715,1.1428571428571428,53,False
AC00479,2023-09-13 18:49:55,342.44,4,6767.7375,1.0,109,True
AC00480,2023-09-18 16:57:44,300.8636363636364,11,6048.868181818182,1.0,105,True
AC00481,2023-11-23 17:44:29,151.985,4,8325.45,1.0,39,False
AC00482,2024-01-01 16:53:32,265.6716666666667,6,4463.378333333333,1.0,0,False
AC00483,2023-10-16 16:13:57,401.43,4,7497.5825,1.0,77,True
AC00485,2023-12-26 17:10:01,340.495,2,3974.14,1.0,6,False
AC00486,2023-06-26 16:55:17,282.26,1,6857.2,1.0,189,True
AC00487,2023-12-11 16:06:04,120.13,4,2075.6875,1.0,21,False
AC00488,2023-11-06 17:53:25,271.6925,4,4945.969999999999,1.0,56,False
AC00489,2023-11-07 18:44:46,132.6,3,9673.436666666666,1.0,54,False
AC00490,2023-11-28 16:55:41,292.184,5,4401.54,1.0,34,False
AC00491,2023-04-26 18:35:50,37.57,1,7739.54,1.0,249,True
AC00492,2023-10-18 16:44:36,157.848,5,6947.096,1.0,75,True
AC00493,2023-11-06 18:42:53,118.626,5,5214.969999999999,1.0,55,False
AC00494,2023-11-03 16:45:25,468.3525,4,1715.2775000000001,1.0,59,False
AC00495,2023-12-01 18:46:28,300.72125,8,2709.59375,1.5,30,False
AC00496,2023-04-26 17:55:11,198.62666666666667,3,6437.006666666665,1.0,250,True
AC00497,2023-11-01 17:23:46,197.86833333333334,6,5153.616666666667,1.0,61,True
AC00498,2024-01-01 16:34:10,381.3775,8,4545.0,1.125,0,False
AC00499,2023-11-27 16:14:25,331.61285714285714,7,4450.577142857143,1.0,35,False
AC00500,2023-10-09 16:44:50,161.74,4,7947.58,1.0,84,True
