index,age,job,marital,education,default,housing,loan,contact,month,day_of_week,duration,campaign,pdays,previous,poutcome,emp.var.rate,cons.price.idx,cons.conf.idx,euribor3m,nr.employed,y,pdays_contacted,y_binary,duration_min
0,56,housemaid,married,basic.4y,no,no,no,telephone,may,mon,261,1,999,0,nonexistent,1.1,93.994,-36.4,4.857,5191,no,0,0,4.35
1,57,services,married,high.school,unknown,no,no,telephone,may,mon,149,1,999,0,nonexistent,1.1,93.994,-36.4,4.857,5191,no,0,0,2.4833333333333334
2,37,services,married,high.school,no,yes,no,telephone,may,mon,226,1,999,0,nonexistent,1.1,93.994,-36.4,4.857,5191,no,0,0,3.7666666666666666
3,40,admin.,married,basic.6y,no,no,no,telephone,may,mon,151,1,999,0,nonexistent,1.1,93.994,-36.4,4.857,5191,no,0,0,2.5166666666666666
4,56,services,married,high.school,no,no,yes,telephone,may,mon,307,1,999,0,nonexistent,1.1,93.994,-36.4,4.857,5191,no,0,0,5.116666666666666
5,45,services,married,basic.9y,unknown,no,no,telephone,may,mon,198,1,999,0,nonexistent,1.1,93.994,-36.4,4.857,5191,no,0,0,3.3
6,59,admin.,married,professional.course,no,no,no,telephone,may,mon,139,1,999,0,nonexistent,1.1,93.994,-36.4,4.857,5191,no,0,0,2.316666666666667
7,41,blue-collar,married,unknown,unknown,no,no,telephone,may,mon,217,1,999,0,nonexistent,1.1,93.994,-36.4,4.857,5191,no,0,0,3.6166666666666667
8,24,technician,single,professional.course,no,yes,no,telephone,may,mon,380,1,999,0,nonexistent,1.1,93.994,-36.4,4.857,5191,no,0,0,6.333333333333333
9,25,services,single,high.school,no,yes,no,telephone,may,mon,50,1,999,0,nonexistent,1.1,93.994,-36.4,4.857,5191,no,0,0,0.8333333333333334
10,41,blue-collar,married,unknown,unknown,no,no,telephone,may,mon,55,1,999,0,nonexistent,1.1,93.994,-36.4,4.857,5191,no,0,0,0.9166666666666666
11,25,services,single,high.school,no,yes,no,telephone,may,mon,222,1,999,0,nonexistent,1.1,93.994,-36.4,4.857,5191,no,0,0,3.7
12,29,blue-collar,single,high.school,no,no,yes,telephone,may,mon,137,1,999,0,nonexistent,1.1,93.994,-36.4,4.857,5191,no,0,0,2.283333333333333
13,57,housemaid,divorced,basic.4y,no,yes,no,telephone,may,mon,293,1,999,0,nonexistent,1.1,93.994,-36.4,4.857,5191,no,0,0,4.883333333333334
14,35,blue-collar,married,basic.6y,no,yes,no,telephone,may,mon,146,1,999,0,nonexistent,1.1,93.994,-36.4,4.857,5191,no,0,0,2.433333333333333
15,54,retired,married,basic.9y,unknown,yes,yes,telephone,may,mon,174,1,999,0,nonexistent,1.1,93.994,-36.4,4.857,5191,no,0,0,2.9
16,35,blue-collar,married,basic.6y,no,yes,no,telephone,may,mon,312,1,999,0,nonexistent,1.1,93.994,-36.4,4.857,5191,no,0,0,5.2
17,46,blue-collar,married,basic.6y,unknown,yes,yes,telephone,may,mon,440,1,999,0,nonexistent,1.1,93.994,-36.4,4.857,5191,no,0,0,7.333333333333333
18,50,blue-collar,married,basic.9y,no,yes,yes,telephone,may,mon,353,1,999,0,nonexistent,1.1,93.994,-36.4,4.857,5191,no,0,0,5.883333333333334
19,39,management,single,basic.9y,unknown,no,no,telephone,may,mon,195,1,999,0,nonexistent,1.1,93.994,-36.4,4.857,5191,no,0,0,3.25
20,30,unemployed,married,high.school,no,no,no,telephone,may,mon,38,1,999,0,nonexistent,1.1,93.994,-36.4,4.857,5191,no,0,0,0.6333333333333333
21,55,blue-collar,married,basic.4y,unknown,yes,no,telephone,may,mon,262,1,999,0,nonexistent,1.1,93.994,-36.4,4.857,5191,no,0,0,4.366666666666666
22,55,retired,single,high.school,no,yes,no,telephone,may,mon,342,1,999,0,nonexistent,1.1,93.994,-36.4,4.857,5191,no,0,0,5.7
23,41,technician,single,high.school,no,yes,no,telephone,may,mon,181,1,999,0,nonexistent,1.1,93.994,-36.4,4.857,5191,no,0,0,3.0166666666666666
24,37,admin.,married,high.school,no,yes,no,telephone,may,mon,172,1,999,0,nonexistent,1.1,93.994,-36.4,4.857,5191,no,0,0,2.8666666666666667
25,35,technician,married,university.degree,no,no,yes,telephone,may,mon,99,1,999,0,nonexistent,1.1,93.994,-36.4,4.857,5191,no,0,0,1.65
26,59,technician,married,unknown,no,yes,no,telephone,may,mon,93,1,999,0,nonexistent,1.1,93.994,-36.4,4.857,5191,no,0,0,1.55
27,39,self-employed,married,basic.9y,unknown,no,no,telephone,may,mon,233,1,999,0,nonexistent,1.1,93.994,-36.4,4.857,5191,no,0,0,3.8833333333333333
28,54,technician,single,university.degree,unknown,no,no,telephone,may,mon,255,2,999,0,nonexistent,1.1,93.994,-36.4,4.857,5191,no,0,0,4.25
29,55,unknown,married,university.degree,unknown,unknown,unknown,telephone,may,mon,362,1,999,0,nonexistent,1.1,93.994,-36.4,4.857,5191,no,0,0,6.033333333333333
30,46,admin.,married,unknown,no,no,no,telephone,may,mon,348,1,999,0,nonexistent,1.1,93.994,-36.4,4.857,5191,no,0,0,5.8
31,59,technician,married,unknown,no,yes,no,telephone,may,mon,386,1,999,0,nonexistent,1.1,93.994,-36.4,4.857,5191,no,0,0,6.433333333333334
32,49,blue-collar,married,unknown,no,no,no,telephone,may,mon,73,1,999,0,nonexistent,1.1,93.994,-36.4,4.857,5191,no,0,0,1.2166666666666666
33,54,management,married,basic.4y,unknown,yes,no,telephone,may,mon,230,1,999,0,nonexistent,1.1,93.994,-36.4,4.857,5191,no,0,0,3.8333333333333335
34,54,blue-collar,divorced,basic.4y,no,no,no,telephone,may,mon,208,1,999,0,nonexistent,1.1,93.994,-36.4,4.857,5191,no,0,0,3.466666666666667
35,55,unknown,married,basic.4y,unknown,yes,no,telephone,may,mon,336,1,999,0,nonexistent,1.1,93.994,-36.4,4.857,5191,no,0,0,5.6
36,34,services,married,high.school,no,no,no,telephone,may,mon,365,1,999,0,nonexistent,1.1,93.994,-36.4,4.857,5191,no,0,0,6.083333333333333
37,52,technician,married,basic.9y,no,yes,no,telephone,may,mon,1666,1,999,0,nonexistent,1.1,93.994,-36.4,4.857,5191,no,0,0,27.766666666666666
38,41,admin.,married,university.degree,no,yes,no,telephone,may,mon,577,1,999,0,nonexistent,1.1,93.994,-36.4,4.857,5191,no,0,0,9.616666666666667
39,56,technician,married,basic.4y,no,yes,no,telephone,may,mon,137,1,999,0,nonexistent,1.1,93.994,-36.4,4.857,5191,no,0,0,2.283333333333333
40,58,management,unknown,university.degree,no,yes,no,telephone,may,mon,366,1,999,0,nonexistent,1.1,93.994,-36.4,4.857,5191,no,0,0,6.1
41,32,entrepreneur,married,high.school,no,yes,no,telephone,may,mon,314,1,999,0,nonexistent,1.1,93.994,-36.4,4.857,5191,no,0,0,5.233333333333333
42,38,admin.,single,professional.course,no,no,no,telephone,may,mon,160,1,999,0,nonexistent,1.1,93.994,-36.4,4.857,5191,no,0,0,2.6666666666666665
43,57,admin.,married,university.degree,no,no,yes,telephone,may,mon,212,1,999,0,nonexistent,1.1,93.994,-36.4,4.857,5191,no,0,0,3.533333333333333
44,44,admin.,married,university.degree,unknown,yes,no,telephone,may,mon,188,1,999,0,nonexistent,1.1,93.994,-36.4,4.857,5191,no,0,0,3.1333333333333333
45,42,technician,single,professional.course,unknown,no,no,telephone,may,mon,22,1,999,0,nonexistent,1.1,93.994,-36.4,4.857,5191,no,0,0,0.36666666666666664
46,57,admin.,married,university.degree,no,yes,yes,telephone,may,mon,616,1,999,0,nonexistent,1.1,93.994,-36.4,4.857,5191,no,0,0,10.266666666666667
47,40,blue-collar,married,basic.9y,no,no,yes,telephone,may,mon,178,1,999,0,nonexistent,1.1,93.994,-36.4,4.857,5191,no,0,0,2.966666666666667
48,35,admin.,married,university.degree,no,yes,no,telephone,may,mon,355,1,999,0,nonexistent,1.1,93.994,-36.4,4.857,5191,no,0,0,5.916666666666667
49,45,blue-collar,married,basic.9y,no,yes,no,telephone,may,mon,225,2,999,0,nonexistent,1.1,93.994,-36.4,4.857,5191,no,0,0,3.75
50,54,admin.,married,high.school,no,no,no,telephone,may,mon,160,1,999,0,nonexistent,1.1,93.994,-36.4,4.857,5191,no,0,0,2.6666666666666665
51,39,housemaid,married,basic.4y,no,no,yes,telephone,may,mon,266,1,999,0,nonexistent,1.1,93.994,-36.4,4.857,5191,no,0,0,4.433333333333334
52,60,admin.,married,high.school,no,no,no,telephone,may,mon,253,1,999,0,nonexistent,1.1,93.994,-36.4,4.857,5191,no,0,0,4.216666666666667
53,53,admin.,single,professional.course,no,no,no,telephone,may,mon,179,1,999,0,nonexistent,1.1,93.994,-36.4,4.857,5191,no,0,0,2.9833333333333334
54,55,blue-collar,married,basic.4y,unknown,no,no,telephone,may,mon,269,2,999,0,nonexistent,1.1,93.994,-36.4,4.857,5191,no,0,0,4.483333333333333
55,55,technician,married,professional.course,unknown,yes,no,telephone,may,mon,135,1,999,0,nonexistent,1.1,93.994,-36.4,4.857,5191,no,0,0,2.25
56,50,management,married,university.degree,unknown,no,yes,telephone,may,mon,161,1,999,0,nonexistent,1.1,93.994,-36.4,4.857,5191,no,0,0,2.683333333333333
57,45,services,married,high.school,unknown,yes,no,telephone,may,mon,787,1,999,0,nonexistent,1.1,93.994,-36.4,4.857,5191,no,0,0,13.116666666666667
58,55,unemployed,married,professional.course,unknown,yes,yes,telephone,may,mon,145,1,999,0,nonexistent,1.1,93.994,-36.4,4.857,5191,no,0,0,2.4166666666666665
59,25,technician,single,university.degree,no,yes,no,telephone,may,mon,174,1,999,0,nonexistent,1.1,93.994,-36.4,4.857,5191,no,0,0,2.9
60,47,entrepreneur,married,university.degree,unknown,no,no,telephone,may,mon,449,1,999,0,nonexistent,1.1,93.994,-36.4,4.857,5191,no,0,0,7.483333333333333
61,51,blue-collar,married,basic.9y,no,yes,no,telephone,may,mon,812,1,999,0,nonexistent,1.1,93.994,-36.4,4.857,5191,no,0,0,13.533333333333333
62,42,blue-collar,married,basic.6y,unknown,yes,no,telephone,may,mon,164,1,999,0,nonexistent,1.1,93.994,-36.4,4.857,5191,no,0,0,2.7333333333333334
63,42,blue-collar,married,basic.6y,unknown,no,no,telephone,may,mon,366,1,999,0,nonexistent,1.1,93.994,-36.4,4.857,5191,no,0,0,6.1
64,48,admin.,married,high.school,no,no,no,telephone,may,mon,357,1,999,0,nonexistent,1.1,93.994,-36.4,4.857,5191,no,0,0,5.95
65,37,admin.,married,university.degree,no,no,no,telephone,may,mon,232,1,999,0,nonexistent,1.1,93.994,-36.4,4.857,5191,no,0,0,3.8666666666666667
66,44,blue-collar,single,basic.9y,no,yes,no,telephone,may,mon,91,1,999,0,nonexistent,1.1,93.994,-36.4,4.857,5191,no,0,0,1.5166666666666666
67,33,admin.,married,unknown,no,yes,no,telephone,may,mon,273,1,999,0,nonexistent,1.1,93.994,-36.4,4.857,5191,no,0,0,4.55
68,56,admin.,married,basic.9y,no,yes,no,telephone,may,mon,158,2,999,0,nonexistent,1.1,93.994,-36.4,4.857,5191,no,0,0,2.6333333333333333
69,44,blue-collar,single,basic.4y,unknown,yes,yes,telephone,may,mon,177,1,999,0,nonexistent,1.1,93.994,-36.4,4.857,5191,no,0,0,2.95
70,41,management,married,basic.6y,no,no,no,telephone,may,mon,200,1,999,0,nonexistent,1.1,93.994,-36.4,4.857,5191,no,0,0,3.3333333333333335
71,44,management,divorced,university.degree,no,yes,no,telephone,may,mon,172,1,999,0,nonexistent,1.1,93.994,-36.4,4.857,5191,no,0,0,2.8666666666666667
72,47,admin.,married,university.degree,unknown,yes,no,telephone,may,mon,176,1,999,0,nonexistent,1.1,93.994,-36.4,4.857,5191,no,0,0,2.933333333333333
73,57,unknown,married,unknown,unknown,no,no,telephone,may,mon,211,1,999,0,nonexistent,1.1,93.994,-36.4,4.857,5191,no,0,0,3.5166666666666666
74,37,admin.,married,university.degree,unknown,yes,no,telephone,may,mon,214,1,999,0,nonexistent,1.1,93.994,-36.4,4.857,5191,no,0,0,3.566666666666667
75,41,blue-collar,divorced,basic.4y,unknown,yes,no,telephone,may,mon,1575,1,999,0,nonexistent,1.1,93.994,-36.4,4.857,5191,yes,0,1,26.25
76,55,technician,married,university.degree,no,no,no,telephone,may,mon,349,1,999,0,nonexistent,1.1,93.994,-36.4,4.857,5191,no,0,0,5.816666666666666
77,33,services,married,high.school,unknown,yes,no,telephone,may,mon,337,2,999,0,nonexistent,1.1,93.994,-36.4,4.857,5191,no,0,0,5.616666666666666
78,55,management,married,unknown,unknown,yes,no,telephone,may,mon,272,1,999,0,nonexistent,1.1,93.994,-36.4,4.857,5191,no,0,0,4.533333333333333
79,42,blue-collar,married,basic.9y,unknown,no,no,telephone,may,mon,208,1,999,0,nonexistent,1.1,93.994,-36.4,4.857,5191,no,0,0,3.466666666666667
80,50,blue-collar,married,basic.4y,unknown,yes,no,telephone,may,mon,193,1,999,0,nonexistent,1.1,93.994,-36.4,4.857,5191,no,0,0,3.216666666666667
81,51,blue-collar,married,basic.4y,unknown,unknown,unknown,telephone,may,mon,212,1,999,0,nonexistent,1.1,93.994,-36.4,4.857,5191,no,0,0,3.533333333333333
82,38,admin.,married,high.school,unknown,no,no,telephone,may,mon,165,2,999,0,nonexistent,1.1,93.994,-36.4,4.857,5191,no,0,0,2.75
83,49,entrepreneur,married,university.degree,unknown,yes,no,telephone,may,mon,1042,1,999,0,nonexistent,1.1,93.994,-36.4,4.857,5191,yes,0,1,17.366666666666667
84,38,technician,single,university.degree,no,no,yes,telephone,may,mon,20,1,999,0,nonexistent,1.1,93.994,-36.4,4.857,5191,no,0,0,0.3333333333333333
85,31,admin.,divorced,high.school,no,no,no,telephone,may,mon,246,1,999,0,nonexistent,1.1,93.994,-36.4,4.857,5191,no,0,0,4.1
86,41,management,married,basic.6y,no,no,no,telephone,may,mon,529,2,999,0,nonexistent,1.1,93.994,-36.4,4.857,5191,no,0,0,8.816666666666666
87,39,admin.,married,university.degree,no,yes,yes,telephone,may,mon,192,1,999,0,nonexistent,1.1,93.994,-36.4,4.857,5191,no,0,0,3.2
88,49,technician,married,basic.9y,no,no,no,telephone,may,mon,1467,1,999,0,nonexistent,1.1,93.994,-36.4,4.857,5191,yes,0,1,24.45
89,34,admin.,married,high.school,no,yes,no,telephone,may,mon,188,2,999,0,nonexistent,1.1,93.994,-36.4,4.857,5191,no,0,0,3.1333333333333333
90,35,admin.,married,university.degree,no,yes,no,telephone,may,mon,180,2,999,0,nonexistent,1.1,93.994,-36.4,4.857,5191,no,0,0,3.0
91,57,unknown,married,unknown,unknown,yes,no,telephone,may,mon,48,1,999,0,nonexistent,1.1,93.994,-36.4,4.857,5191,no,0,0,0.8
92,60,admin.,married,unknown,unknown,no,yes,telephone,may,mon,213,2,999,0,nonexistent,1.1,93.994,-36.4,4.857,5191,no,0,0,3.55
93,33,unemployed,married,basic.9y,no,no,no,telephone,may,mon,545,1,999,0,nonexistent,1.1,93.994,-36.4,4.857,5191,no,0,0,9.083333333333334
94,42,blue-collar,married,basic.6y,no,no,yes,telephone,may,mon,583,1,999,0,nonexistent,1.1,93.994,-36.4,4.857,5191,no,0,0,9.716666666666667
95,45,services,married,professional.course,no,yes,no,telephone,may,mon,221,1,999,0,nonexistent,1.1,93.994,-36.4,4.857,5191,no,0,0,3.683333333333333
96,42,management,married,university.degree,no,no,no,telephone,may,mon,426,1,999,0,nonexistent,1.1,93.994,-36.4,4.857,5191,no,0,0,7.1
97,53,admin.,divorced,university.degree,unknown,no,no,telephone,may,mon,287,1,999,0,nonexistent,1.1,93.994,-36.4,4.857,5191,no,0,0,4.783333333333333
98,37,technician,single,professional.course,no,no,no,telephone,may,mon,197,1,999,0,nonexistent,1.1,93.994,-36.4,4.857,5191,no,0,0,3.283333333333333
99,44,blue-collar,married,basic.6y,no,no,no,telephone,may,mon,257,1,999,0,nonexistent,1.1,93.994,-36.4,4.857,5191,no,0,0,4.283333333333333
